case_01,0,0,201.125788,0.088029772,0.249898225,0.387932215,0.004280513,0.373379611,0.046421499,0.145405198
case_02,0,0,88.69513649,0.090939774,1.491363237,0.394572722,0.004052657,0.744422684,0.049916408,0.726172335
case_03,0,0,145.3237837,0.061554367,0.696793635,0.466543378,0.002772047,0.263286832,0.050970156,0.245967263
case_04,0,0,199.4569748,0.109531681,0.194742367,0.64682494,0.003401685,0.250959254,0.03719447,0.491290482
case_05,0,0,37.41431779,0.039720763,1.338806503,0.476138467,0.002956214,0.754843169,0.054884141,0.600341982
case_06,0,0,334.2019275,0.046546817,0.998619134,0.261782034,0.003675129,0.320867803,0.058737061,0.589985127
case_07,0,0,221.2792894,0.083304686,0.963833276,0.582047509,0.004106773,0.496672315,0.042765917,0.27562223
case_08,0,0,201.6728294,0.112126961,1.902872801,0.711885689,0.003052813,0.51057285,0.028701825,0.190308817
case_09,0,0,340.9543091,0.080417201,1.889578359,0.51259807,0.004114142,0.778622734,0.06104986,0.667547875
case_10,0,0,149.6675792,0.085341935,1.937034019,0.645188912,0.003269527,0.784060617,0.027534789,0.662628823
case_11,0,0,199.8992336,0.077264611,0.492801732,0.571354964,0.00421668,0.685761398,0.047496166,0.637810499
case_12,0,0,65.81312159,0.063088262,0.32899587,0.608132798,0.002442792,0.352003004,0.030650356,0.316493634
case_13,0,0,335.5289915,0.118761553,0.590992765,0.534321967,0.003331099,0.143245191,0.015124689,0.351566893
case_14,0,0,276.8641102,0.090981241,0.65492012,0.422934402,0.003971057,0.676142713,0.047763704,0.41812715
case_15,0,0,356.3269294,0.093127883,1.784403715,0.513147531,0.002618034,0.130742504,0.048711335,0.404191012
case_16,0,0,234.8397989,0.083581056,1.610685019,0.616313604,0.003789265,0.861911465,0.035194364,0.177756611
case_17,0,0,7.229280386,0.088985813,1.412240411,0.196643364,0.003227814,0.511593994,0.042372605,0.776637466
case_18,0,0,180.8496366,0.065199225,0.989844723,0.56630254,0.003837785,0.714303996,0.03433614,0.816445279
case_19,0,0,213.4161588,0.099227,1.503456721,0.629378452,0.003697323,0.190028334,0.030000316,0.736479904
case_20,0,0,80.67443907,0.077491169,1.753357709,0.506416033,0.00263772,0.526033971,0.045040813,0.794496212
case_21,0,0,305.2964267,0.100991678,1.048999105,0.575275539,0.003351447,0.788501458,0.04465495,0.185696378
case_22,0,0,328.3457629,0.088298704,0.768514647,0.451234208,0.003243871,0.70912551,0.04127174,0.737549908
case_23,0,0,48.72193699,0.038251524,0.755962271,0.639596149,0.00445134,0.529641336,0.040814714,0.721358721
case_24,0,0,116.3981637,0.051850509,0.273140628,0.433998207,0.003004006,0.593943377,0.041158241,0.101055748
case_25,0,0,134.1661514,0.068659802,0.391151291,0.520750478,0.003904108,0.542331438,0.022549186,0.124483489
case_26,0,0,94.34625828,0.047202377,1.291840624,0.609132426,0.003116441,0.125693581,0.015790149,0.645110286
case_27,0,0,114.9118058,0.07807831,1.408763981,0.22702224,0.003825018,0.589286249,0.026553358,0.568754723
case_28,0,0,63.96148303,0.085527649,1.264210964,0.596922528,0.003184962,0.87252956,0.042000139,0.812345279
case_29,0,0,196.6844196,0.085112921,0.856494826,0.658675495,0.004311076,0.192063741,0.031922491,0.317515132
case_30,0,0,347.4604983,0.083046543,1.179650554,0.392903888,0.002970214,0.710381291,0.029327225,0.810337306
case_31,0,0,77.14899837,0.107931258,1.561404265,0.469817318,0.004155764,0.741634894,0.035113598,0.792997995
case_32,0,0,22.32291569,0.07924988,1.924373838,0.381129204,0.003341532,0.131917403,0.046303667,0.199435514
case_33,0,0,247.5880298,0.051764295,0.902808154,0.443801371,0.002567352,0.528276353,0.046536911,0.167532175
case_34,0,0,300.0699757,0.099910192,0.189655051,0.293568126,0.003601882,0.461869186,0.030255615,0.767185145
case_35,0,0,187.4959359,0.081788852,1.100564053,0.674414781,0.004456344,0.157511902,0.023686642,0.308671871
case_36,0,0,15.96218293,0.107466706,0.388533467,0.462103232,0.002295921,0.418850157,0.054700999,0.376814264
case_37,0,0,63.84911083,0.051177796,1.529083093,0.672529267,0.003364086,0.600029346,0.039230833,0.466113214
case_38,0,0,331.2774848,0.063323761,1.563340933,0.585662621,0.003785287,0.30251385,0.043887092,0.722712277
case_39,0,0,115.3137387,0.132985891,1.883793938,0.607654883,0.003879783,0.720758923,0.054607075,0.595696345
case_40,0,0,160.4267261,0.094016675,1.607054687,0.638097095,0.003299909,0.393721689,0.044123298,0.298052672
case_41,0,0,331.1853143,0.080849852,0.943126243,0.465344719,0.003186268,0.558618423,0.047630293,0.312610534
case_42,0,0,16.95819339,0.086010471,1.679759546,0.614503238,0.002528313,0.468537415,0.057141156,0.246140337
case_43,0,0,25.09350304,0.055554757,0.341694643,0.22278562,0.003169319,0.52459541,0.046879719,0.347342406
case_44,0,0,155.7352397,0.086580745,1.36315749,0.369978463,0.003535962,0.135812504,0.040930657,0.685632178
case_45,0,0,316.6180594,0.115726438,0.959815352,0.569078389,0.002708423,0.246760343,0.018843553,0.17469193
case_46,0,0,252.0986407,0.090832817,1.233666406,0.43301132,0.003518181,0.678849931,0.04568452,0.535878855
case_47,0,0,65.04521946,0.094467365,1.713235309,0.437436971,0.00423666,0.409211218,0.055059374,0.500840156
case_48,0,0,298.5017472,0.077876051,0.107853076,0.848390645,0.003548937,0.422558405,0.024861635,0.282935029
case_49,0,0,166.83396,0.116793568,1.162782267,0.596104735,0.003688282,0.109920293,0.060534269,0.710569669
case_50,0,0,292.0956085,0.090418116,0.609302483,0.31016794,0.004137376,0.755842665,0.031067531,0.762528334
case_51,0,0,176.8906814,0.074341037,0.219099735,0.350428334,0.003096745,0.182069599,0.041701838,0.621634506
case_52,0,0,329.1048283,0.088869813,0.304749491,0.536778594,0.002537085,0.81444266,0.043214751,0.385023782
case_53,0,0,224.001772,0.091227366,1.004940647,0.622285604,0.003762059,0.153826816,0.028344421,0.759377798
case_54,0,0,159.6819704,0.062322932,0.848261419,0.50220315,0.002383703,0.634489769,0.038970207,0.470257569
case_55,0,0,154.0385988,0.096410021,1.52277582,0.275899877,0.004594864,0.297261412,0.040292552,0.106163376
case_56,0,0,100.6346096,0.06141622,0.348683121,0.668286953,0.004039337,0.312121438,0.029363617,0.304466372
case_57,0,0,135.1342234,0.057593793,1.896979221,0.533831906,0.004189273,0.648827102,0.04249549,0.109260003
case_58,0,0,54.37955158,0.095806472,1.602225048,0.642664948,0.003126611,0.780978633,0.020818338,0.201288138
case_59,0,0,26.35968833,0.078506338,1.724485283,0.43098438,0.003882809,0.299331199,0.053511794,0.582644016
case_60,0,0,157.9016353,0.082297051,1.873626884,0.372278809,0.003744985,0.766396399,0.045134285,0.828451199
case_61,0,0,143.7152002,0.051414609,0.49920929,0.596384826,0.003831763,0.150069363,0.029265655,0.517997273
case_62,0,0,278.8383777,0.069726033,1.097436757,0.645908986,0.003546853,0.895974721,0.05029876,0.730508229
case_63,0,0,319.2670174,0.078629574,0.55973791,0.460827165,0.003686782,0.719945067,0.013307011,0.160132024
case_64,0,0,250.1093196,0.102993758,1.177399527,0.452254326,0.003803367,0.67079224,0.043859492,0.475408858
case_65,0,0,233.5408691,0.046096792,1.37912715,0.680388014,0.003223808,0.628403469,0.04489602,0.870784242
case_66,0,0,257.1001494,0.044404479,1.957458697,0.549781778,0.002850313,0.816509351,0.00942459,0.370747141
case_67,0,0,138.19331,0.052412068,0.863120231,0.382434847,0.003586222,0.6557039,0.03947867,0.233440718
case_68,0,0,101.6390769,0.055844818,1.869084945,0.684230844,0.002985799,0.817015779,0.041593413,0.294405831
case_69,0,0,351.6539454,0.041011323,1.352999765,0.543400711,0.003122701,0.266811644,0.029172913,0.612508197
case_70,0,0,168.3671653,0.068489299,0.2681695,0.375234845,0.002753226,0.525920181,0.032777617,0.186392783
case_71,0,0,119.1111143,0.084578609,1.632199962,0.506599759,0.002949316,0.401803534,0.048541074,0.54809327
case_72,0,0,52.22785493,0.041992998,0.012038533,0.537957006,0.003332691,0.880348018,0.026589169,0.346224977
case_73,0,0,22.7836267,0.06894342,1.157292786,0.370960174,0.004146784,0.756149048,0.026661546,0.126820727
case_74,0,0,32.85488081,0.090472728,1.248513295,0.496211588,0.003156929,0.451411024,0.028459763,0.569668236
case_75,0,0,228.6961876,0.093358842,1.55816423,0.327642217,0.004775411,0.721020291,0.044053387,0.58181189
case_76,0,0,241.7553303,0.059456967,1.416725277,0.641214204,0.003741022,0.259727914,0.048355057,0.37993919
case_77,0,0,342.7967001,0.071486549,1.334767739,0.648495274,0.004446412,0.225677813,0.058464442,0.216942214
case_78,0,0,98.86430455,0.075779428,1.966644533,0.706690409,0.003554469,0.7652157,0.057789367,0.578196013
case_79,0,0,17.73437572,0.090120939,1.170952877,0.47992713,0.004496468,0.387992222,0.051990446,0.116962001
case_80,0,0,359.1825222,0.093874077,0.61234324,0.255652963,0.003568991,0.313208174,0.050624786,0.281296744
case_81,0,0,239.8147044,0.07084196,1.734912365,0.405661317,0.003639728,0.498914921,0.045806921,0.127742203
case_82,0,0,286.948067,0.062771863,1.183817491,0.269449853,0.003313278,0.804902313,0.043981786,0.16533435
case_83,0,0,29.50936343,0.07960468,0.363917731,0.606049817,0.004244188,0.584471545,0.029749729,0.895000412
case_84,0,0,180.3122483,0.101997283,0.461509132,0.266871299,0.003014341,0.89840516,0.063176129,0.830208003
case_85,0,0,327.4470793,0.075306838,0.242955884,0.36902498,0.003771789,0.866454369,0.047933173,0.678064549
case_86,0,0,93.62921995,0.100153631,0.761647673,0.471214346,0.002929795,0.810151682,0.02524903,0.515370352
case_87,0,0,35.93119748,0.072616516,1.160870767,0.344287264,0.002837296,0.692430969,0.04523856,0.48583739
case_88,0,0,263.3336056,0.083133004,1.347259513,0.842311075,0.002932809,0.457901204,0.030086313,0.518893644
case_89,0,0,39.90566114,0.100335276,1.195069932,0.451774328,0.003109218,0.414386759,0.049967547,0.131679647
case_90,0,0,167.2320874,0.104258983,0.858993877,0.29522901,0.003828352,0.711556323,0.028636717,0.701605531
case_91,0,0,232.2774486,0.063973038,0.371842368,0.568796276,0.004459413,0.53319295,0.03247176,0.525578262
case_92,0,0,193.3577167,0.05710276,1.148140402,0.59881839,0.004295212,0.207140799,0.034377977,0.553519505
case_93,0,0,332.5337608,0.081654431,1.176118059,0.536363901,0.003475691,0.770387566,0.052494809,0.656182555
case_94,0,0,268.3540342,0.098435823,1.090300658,0.668911217,0.004629752,0.327623856,0.035625526,0.283271006
case_95,0,0,244.0949051,0.070977768,0.937770818,0.160430529,0.003702736,0.194763631,0.039561524,0.677574057
case_96,0,0,319.8468651,0.086176915,1.69853342,0.329534794,0.004159018,0.523088212,0.055884794,0.807601207
case_97,0,0,146.721957,0.061276379,0.828788949,0.325793685,0.002622006,0.444768105,0.059578075,0.675003583
case_98,0,0,282.3948639,0.071111574,1.365228462,0.630426253,0.004061142,0.610865989,0.033832333,0.193819606
case_99,0,0,41.71273079,0.073269634,0.214753009,0.640413525,0.003036241,0.81201264,0.035908829,0.552666041
case_100,0,0,38.59702562,0.123964521,1.024681142,0.374257011,0.002467958,0.738199197,0.03374284,0.643845172
case_101,0,0,58.66627146,0.05653265,0.910366929,0.49694421,0.002623897,0.834039688,0.051305807,0.505797644
case_102,0,0,45.8358143,0.117592128,1.934366636,0.907182067,0.004122152,0.736266326,0.029928081,0.611385568
case_103,0,0,126.5575181,0.068551164,0.253863735,0.19858349,0.003880949,0.149147511,0.042153725,0.302445832
case_104,0,0,259.5798094,0.081267257,1.267144649,0.741104777,0.003667124,0.616339166,0.035486857,0.529263497
case_105,0,0,29.12382619,0.099946469,0.126843216,0.962063748,0.002507557,0.576881653,0.040384323,0.573347811
case_106,0,0,179.0867421,0.034718268,0.278526064,0.572348532,0.003290112,0.230729272,0.040524059,0.632128544
case_107,0,0,229.9925271,0.08812503,1.474518495,0.582649607,0.004039914,0.647627958,0.016397457,0.111832851
case_108,0,0,344.2737835,0.05513379,0.689974183,0.583910209,0.003847931,0.799536713,0.045719921,0.264119545
case_109,0,0,50.9558872,0.097274726,0.053815089,0.468961123,0.002866154,0.110222677,0.036828883,0.711743652
case_110,0,0,307.5142239,0.066534456,0.282358063,0.508382175,0.002559652,0.390745777,0.052467069,0.429392476
case_111,0,0,287.2635024,0.060740544,1.987571624,0.365235812,0.004364939,0.509835985,0.053714235,0.487831569
case_112,0,0,291.227479,0.080275607,0.288577464,0.364786605,0.003717291,0.144025393,0.056460066,0.87670448
case_113,0,0,90.10251994,0.060480907,1.303958707,0.756787908,0.004287339,0.829266899,0.050887061,0.220108651
case_114,0,0,358.0167903,0.048441259,0.59416763,0.647274617,0.002980099,0.838044038,0.029607188,0.82321668
case_115,0,0,35.51138119,0.127649088,1.665003667,0.386729276,0.003165928,0.151070825,0.03865519,0.239897021
case_116,0,0,119.7125152,0.066028872,0.234136853,0.473764544,0.002532063,0.452629913,0.068088246,0.171075408
case_117,0,0,78.70543868,0.090778542,1.953623528,0.728691197,0.003151953,0.403039194,0.034561883,0.565921523
case_118,0,0,251.2925704,0.05819613,0.712832853,0.63438912,0.002469713,0.567564371,0.038477395,0.697165431
case_119,0,0,281.9506104,0.096766231,0.022344219,0.3045678,0.003471858,0.43231514,0.040853533,0.188123118
case_120,0,0,53.98866046,0.086304175,1.031642825,0.643811477,0.004271026,0.296930485,0.036147857,0.219296312
case_121,0,0,194.4052514,0.071561323,1.248944516,0.759925287,0.004321061,0.348561144,0.018908762,0.242739304
case_122,0,0,195.8327719,0.068750569,1.300852367,0.40652116,0.003467187,0.701809062,0.047803397,0.747956089
case_123,0,0,273.8534266,0.094510787,0.899169162,0.604777889,0.003007213,0.1794843,0.05533642,0.250947749
case_124,0,0,112.1382509,0.054083742,1.899461426,0.671836103,0.003767373,0.771503936,0.036032681,0.179787586
case_125,0,0,43.69582325,0.095714091,1.274634487,0.445651964,0.004153185,0.547717819,0.03084158,0.88281438
case_126,0,0,204.6449702,0.047411152,0.669593101,0.580443418,0.003172803,0.75372898,0.040038065,0.664658418
case_127,0,0,166.0726249,0.03379948,1.336617674,0.531610728,0.003854583,0.497594993,0.035724116,0.884065008
case_128,0,0,82.09634871,0.092439689,0.135305707,0.522929665,0.002565655,0.366195338,0.057605529,0.679690204
case_129,0,0,192.1077899,0.060186655,1.80504188,0.27176836,0.002664145,0.671815628,0.050441732,0.88946766
case_130,0,0,74.62333801,0.089896921,0.163490919,0.524301825,0.004089972,0.332206749,0.033927516,0.782528471
case_131,0,0,212.9753519,0.063261811,0.188572295,0.562897966,0.004096508,0.322865564,0.042549446,0.458110634
case_132,0,0,257.4261763,0.09721508,1.469677665,0.302414813,0.003226824,0.142314267,0.046496402,0.586751724
case_133,0,0,270.4168686,0.094854909,1.743042705,0.402393469,0.002609154,0.164001688,0.042021827,0.292714528
case_134,0,0,355.7621108,0.096146278,0.745739391,0.44152794,0.00329247,0.803245995,0.028928329,0.49569264
case_135,0,0,59.1920983,0.062880938,0.96213489,0.30628046,0.003407818,0.752522495,0.020337486,0.542597942
case_136,0,0,289.3370016,0.095911429,1.131182272,0.503424387,0.003178649,0.513635313,0.050546705,0.227119377
case_137,0,0,141.7924816,0.086668684,0.703722626,0.503826076,0.004007201,0.241156496,0.035780017,0.249039168
case_138,0,0,208.3089195,0.087108784,1.156018364,0.621190868,0.002742983,0.249484068,0.051653931,0.445454721
case_139,0,0,283.1663635,0.083472073,0.483342762,0.239196292,0.003920367,0.556407647,0.037448121,0.465657153
case_140,0,0,144.6466281,0.094680699,0.675041794,0.415910282,0.0028007,0.660605838,0.030959508,0.363613086
case_141,0,0,190.0230208,0.119117514,0.060428803,0.601090061,0.003595413,0.425528566,0.027440457,0.23029018
case_142,0,0,70.68574748,0.042314195,0.627307805,0.422310999,0.003082886,0.480682212,0.027399955,0.544854947
case_143,0,0,11.82359988,0.092315241,1.904989259,0.499446243,0.00283325,0.745750918,0.022174614,0.727970355
case_144,0,0,64.77519793,0.05896512,0.18472331,0.362746307,0.002894119,0.163306288,0.03606091,0.342535553
case_145,0,0,351.1814822,0.074905816,0.790920102,0.656686243,0.003886201,0.372030217,0.023412857,0.408868829
case_146,0,0,56.19989733,0.113116631,1.500116416,0.450726443,0.004182283,0.705130789,0.02801413,0.507721987
case_147,0,0,31.74695383,0.069647348,0.603588367,0.346123148,0.003711617,0.445595569,0.054821423,0.469698326
case_148,0,0,25.83814968,0.122494376,1.478966638,0.591417744,0.002827032,0.775457082,0.035706173,0.380300575
case_149,0,0,274.5411504,0.101582789,0.477159691,0.522540596,0.003016262,0.742454739,0.032583081,0.815783916
case_150,0,0,4.157202821,0.105419488,0.200390226,0.435085188,0.004472637,0.793380932,0.033457893,0.271827621
case_151,0,0,192.8376565,0.049826957,1.595045094,0.500420984,0.003510896,0.767090819,0.037485344,0.278202696
case_152,0,0,312.7052568,0.058836481,0.769658889,0.564765973,0.00372911,0.475737223,0.046599602,0.605546351
case_153,0,0,49.82710208,0.116039001,1.041477277,0.653903801,0.003524457,0.62912217,0.04469277,0.457716106
case_154,0,0,216.0154077,0.075593523,1.601580165,0.214935513,0.004430355,0.7475037,0.050115732,0.785960767
case_155,0,0,69.91126499,0.110874539,1.614241416,0.332692176,0.003652388,0.278469829,0.043724823,0.576512512
case_156,0,0,243.0969978,0.087864173,1.62498859,0.492019427,0.002612215,0.197431603,0.032046487,0.295363306
case_157,0,0,203.0146281,0.084149445,1.930908541,0.547534105,0.004892537,0.126820222,0.043822259,0.838598552
case_158,0,0,137.7822765,0.071022811,0.88882101,0.661331312,0.003413057,0.867216422,0.042198815,0.335918981
case_159,0,0,17.4295148,0.076019348,1.079161081,0.715616978,0.003344519,0.18631157,0.050036106,0.760735335
case_160,0,0,343.5471168,0.082101192,0.224346468,0.36018108,0.003980564,0.638296143,0.043763073,0.583889705
case_161,0,0,27.30271002,0.056188327,0.839421203,0.69015651,0.003128275,0.820589989,0.036802347,0.708687161
case_162,0,0,219.5319669,0.051632445,1.399252814,0.679453701,0.00288702,0.119731298,0.035834317,0.793106423
case_163,0,0,148.9745409,0.040064636,1.945681662,0.540060469,0.002430407,0.277320327,0.045353925,0.209676527
case_164,0,0,173.8595752,0.08105028,0.028154325,0.3976084,0.003439658,0.217955037,0.034694739,0.433031577
case_165,0,0,300.73608,0.103707015,0.986424475,0.554656243,0.004537019,0.430948799,0.032737597,0.313911135
case_166,0,0,248.8557114,0.03698491,0.597197775,0.50887679,0.004059728,0.27239947,0.025530136,0.377596978
case_167,0,0,255.3665995,0.072926933,1.350731931,0.483061636,0.002812763,0.46581601,0.043546484,0.333859641
case_168,0,0,250.967222,0.07857106,1.963891488,0.462938053,0.003064097,0.243936105,0.021792859,0.330527249
case_169,0,0,34.53484967,0.089005825,1.616482198,0.447939469,0.003072843,0.371766828,0.032987883,0.146271801
case_170,0,0,228.0833557,0.073605773,1.639812178,0.366122477,0.004428645,0.359926261,0.033634517,0.528668739
case_171,0,0,346.354498,0.042860752,0.681312532,0.13391194,0.003043004,0.245068326,0.033995411,0.757579743
case_172,0,0,277.3573412,0.059596352,1.113159607,0.486999798,0.00254509,0.813565038,0.034758419,0.543458242
case_173,0,0,276.0861967,0.077147309,1.667180656,0.695599517,0.002982615,0.295148834,0.043496453,0.455898642
case_174,0,0,49.35769421,0.084289711,0.153664644,0.534881349,0.002733035,0.879792229,0.041395529,0.334926817
case_175,0,0,296.1550898,0.080901219,1.56840444,0.183833541,0.00470336,0.757168819,0.035140308,0.720039011
case_176,0,0,261.1249015,0.089805648,1.169100549,0.439325995,0.003464411,0.392343915,0.045456336,0.484616395
case_177,0,0,42.32928685,0.067897938,1.150333648,0.499849841,0.004376732,0.674504352,0.023958008,0.207218553
case_178,0,0,109.0331262,0.084202223,1.376551241,0.786092717,0.003693741,0.795521984,0.053662065,0.383298564
case_179,0,0,47.71354856,0.088699665,1.426143353,0.471134676,0.003076889,0.48456135,0.044756482,0.630049435
case_180,0,0,164.1008562,0.074439815,0.918411484,0.625676803,0.002375294,0.865076299,0.027593132,0.671290749
case_181,0,0,302.7321944,0.095970718,1.02800221,0.442916898,0.002500631,0.368694642,0.05752858,0.875337269
case_182,0,0,105.7072206,0.114889505,1.421117969,0.427960814,0.003163817,0.541454901,0.059843462,0.218146098
case_183,0,0,210.2377821,0.053373573,0.672389932,0.555586335,0.003090002,0.167641127,0.029435969,0.657563315
case_184,0,0,52.71641093,0.074269006,0.939037472,0.361401814,0.003515845,0.251764374,0.033379994,0.617050833
case_185,0,0,213.8778565,0.058424568,1.301360779,0.475126122,0.003343396,0.441460125,0.039658126,0.604405361
case_186,0,0,226.5304189,0.115399899,1.836105225,0.21907963,0.003661775,0.17610582,0.017736728,0.886205972
case_187,0,0,34.79874942,0.089150858,0.336497518,0.377435033,0.003945019,0.537879143,0.046893195,0.486183634
case_188,0,0,127.3386198,0.025721412,0.521106863,0.527042961,0.00338721,0.624960142,0.050691456,0.598755557
case_189,0,0,281.3053478,0.094272584,1.280539414,0.670939171,0.003560333,0.237267839,0.030165753,0.540908074
case_190,0,0,106.3266927,0.082374825,1.786088671,0.324486439,0.003264739,0.713832558,0.039941203,0.123387324
case_191,0,0,279.8527869,0.075670725,1.027253815,0.628914497,0.00223184,0.334500658,0.036679522,0.329859559
case_192,0,0,101.1639376,0.064740631,0.820843571,0.461542645,0.002783817,0.886637516,0.047060298,0.175661954
case_193,0,0,122.3532323,0.075135873,1.401438692,0.516194654,0.003449487,0.244810365,0.044777307,0.170311311
case_194,0,0,344.2451926,0.087444269,1.650341888,0.562748938,0.004228727,0.330493643,0.052757769,0.473625278
case_195,0,0,290.2827881,0.08762527,0.840875307,0.342563594,0.002641168,0.605024824,0.051815852,0.180806005
case_196,0,0,87.70559079,0.073476373,0.929086649,0.636857271,0.002256274,0.626006443,0.033094546,0.314652803
case_197,0,0,131.3931858,0.044646966,1.839352332,0.274000501,0.002599829,0.170694913,0.031580309,0.270073341
case_198,0,0,106.760397,0.081419252,0.65388447,0.604213437,0.003377151,0.651457165,0.040448351,0.742922206
case_199,0,0,154.6746587,0.108669596,1.691034358,0.324299133,0.004250126,0.774713981,0.030990433,0.285614416
case_200,0,0,118.6437996,0.074046159,1.173506421,0.594102163,0.003375014,0.11616104,0.045930921,0.421742045
case_201,0,0,335.8147128,0.076971335,0.119451533,0.390399231,0.0036753,0.552493334,0.051580284,0.738589665
case_202,0,0,98.20052321,0.086944514,0.06769487,0.490643083,0.003141284,0.483889149,0.044084201,0.323547686
case_203,0,0,320.2993414,0.110706585,0.459559307,0.457753586,0.003444335,0.858565323,0.034881279,0.824245325
case_204,0,0,261.5619549,0.106351309,0.975738184,0.394974071,0.002914191,0.855654076,0.034148424,0.634586228
case_205,0,0,20.80020632,0.061191042,0.31663659,0.383164601,0.00341807,0.253590362,0.038095037,0.76814169
case_206,0,0,254.3375453,0.066991118,0.930684407,0.649698821,0.003627444,0.17112079,0.038789445,0.899531889
case_207,0,0,246.1311288,0.07462606,0.051693529,0.745909522,0.003427169,0.298701867,0.04102395,0.781665237
case_208,0,0,170.1244446,0.077798461,1.38676396,0.581717403,0.003670256,0.58210249,0.047296709,0.60641781
case_209,0,0,207.7972476,0.098107586,0.092608748,0.505874157,0.003746992,0.350386932,0.022775631,0.698012908
case_210,0,0,233.9184727,0.104369779,0.414995477,0.468459021,0.003525959,0.17580792,0.028246174,0.481408443
case_211,0,0,354.3794963,0.083332628,1.778149233,0.498363632,0.003353453,0.825683318,0.028853354,0.863306545
case_212,0,0,153.2291902,0.125943625,0.92151375,0.552894245,0.00399431,0.3612383,0.061681277,0.325910133
case_213,0,0,349.2311302,0.082025666,0.967904903,0.788710165,0.002322017,0.165226114,0.053145662,0.857736627
case_214,0,0,135.6575749,0.11000064,0.550206299,0.485294626,0.003384806,0.88846504,0.037388953,0.891582402
case_215,0,0,337.2352662,0.068344792,1.652960025,0.410177361,0.003846837,0.385426633,0.042433945,0.683904475
case_216,0,0,188.4491443,0.07904178,1.68751643,0.525441047,0.0035736,0.185473657,0.031307504,0.590269958
case_217,0,0,61.78718192,0.071178003,1.755728238,0.405337479,0.00226525,0.336043954,0.025641507,0.78687733
case_218,0,0,14.5224812,0.048124537,1.436302281,0.651972707,0.003529952,0.506592228,0.030817241,0.526212385
case_219,0,0,197.5218003,0.09459326,1.185683286,0.859181322,0.003212723,0.512161164,0.034263653,0.566972089
case_220,0,0,195.3309667,0.079744361,0.407158747,0.447520877,0.00379371,0.319424026,0.042072859,0.709747301
case_221,0,0,138.8762364,0.108118049,1.124981383,0.539088899,0.003873409,0.473580191,0.046949892,0.860670448
case_222,0,0,253.0676629,0.062195413,1.913350123,0.524908069,0.004075856,0.89223934,0.059319128,0.471519066
case_223,0,0,260.4816715,0.089258548,0.339645873,0.300427482,0.003249889,0.596581272,0.02994866,0.210749587
case_224,0,0,244.5801639,0.070016575,0.868344982,0.278333268,0.002994777,0.486215831,0.043701017,0.780645264
case_225,0,0,350.9123754,0.064665131,1.891822576,0.532691962,0.004603678,0.67319434,0.040674927,0.265465445
case_226,0,0,42.13670232,0.066559852,1.704364606,0.423198923,0.003908441,0.13306188,0.056530281,0.128327224
case_227,0,0,109.8984647,0.099545672,0.512030421,0.220261903,0.003445032,0.717093811,0.033049202,0.620416704
case_228,0,0,123.9123717,0.06798076,0.825584276,0.561448389,0.003131633,0.161602041,0.034320939,0.419287301
case_229,0,0,283.9642936,0.070248811,1.080442096,0.505620846,0.004368434,0.413715723,0.038120005,0.424299702
case_230,0,0,133.7648751,0.073985353,1.533713255,0.599572287,0.003137194,0.749326759,0.056999951,0.394193338
case_231,0,0,60.94009442,0.099504455,0.318455466,0.553450825,0.002688231,0.424208118,0.025083128,0.557201783
case_232,0,0,298.1706411,0.097041896,0.955618282,0.566460767,0.003278543,0.309028369,0.034470357,0.88561973
case_233,0,0,275.3907605,0.106207998,0.952148517,0.723668496,0.002284414,0.463605232,0.031742699,0.831803682
case_234,0,0,92.06699417,0.088633084,0.953567821,0.656008025,0.00287617,0.697794929,0.037512376,0.381575965
case_235,0,0,99.49309329,0.086786057,1.986452353,0.418619304,0.003865691,0.489036047,0.045758953,0.366499329
case_236,0,0,95.89215177,0.070045223,0.541145499,0.580959805,0.002633467,0.859316807,0.043332962,0.798107277
case_237,0,0,1.693071672,0.070729216,0.133586845,0.354011196,0.004013719,0.141235062,0.04804212,0.696395498
case_238,0,0,358.4251643,0.069328269,1.590217043,0.356353371,0.004669762,0.325380506,0.055485814,0.702213729
case_239,0,0,223.0273111,0.064060478,1.24004645,0.532455589,0.003207484,0.437223321,0.022934325,0.133570778
case_240,0,0,133.520759,0.087342718,1.570336178,0.641288802,0.003671888,0.127295187,0.030884944,0.489454239
case_241,0,0,323.8234746,0.057894473,1.290920907,0.3673099,0.003859541,0.268367871,0.036227545,0.241111042
case_242,0,0,108.5569971,0.059190107,1.10897393,0.569912518,0.002759081,0.34156714,0.052317453,0.35702774
case_243,0,0,0.466186473,0.052557991,0.972325124,0.593582233,0.00373158,0.485609419,0.033296972,0.390733863
case_244,0,0,128.8549975,0.10457271,1.065448701,0.439898287,0.003915215,0.281069338,0.037598433,0.704368778
case_245,0,0,355.2031993,0.072120213,1.058528995,0.577528151,0.004188626,0.568042628,0.049181583,0.85227731
case_246,0,0,215.061971,0.102202221,0.451356876,0.464955065,0.003468354,0.121467424,0.028385645,0.880443198
case_247,0,0,341.6637691,0.06256579,1.012314589,0.567997762,0.003104023,0.732711252,0.042319337,0.658674323
case_248,0,0,107.6296904,0.091469795,1.441128254,0.312578469,0.003679785,0.345685633,0.03102516,0.441084018
case_249,0,0,18.70590127,0.052873607,0.718747481,0.312729091,0.004356858,0.265341415,0.045571612,0.752858365
case_250,0,0,161.8807452,0.072698705,0.208552322,0.592027472,0.003100761,0.763248811,0.047967393,0.1574004
case_251,0,0,68.46364054,0.083216674,0.795844394,0.452401972,0.003583968,0.848463553,0.026457648,0.743162016
case_252,0,0,179.4886146,0.053055037,0.688366922,0.518202902,0.003262168,0.8270334,0.048099329,0.516733606
case_253,0,0,43.4076658,0.061078056,0.113283921,0.381629337,0.00391068,0.37529675,0.02334802,0.266561852
case_254,0,0,44.73365366,0.06623109,1.13319924,0.457101019,0.003973238,0.279031018,0.045868889,0.689023696
case_255,0,0,162.8135457,0.057535915,0.811636831,0.41649833,0.003615904,0.715195017,0.033870377,0.453172217
case_256,0,0,21.30014455,0.067548762,1.952698318,0.737510703,0.002804811,0.318862076,0.057270734,0.655060985
case_257,0,0,241.068838,0.106852668,1.531431717,0.430265615,0.002201187,0.404689903,0.059979111,0.373662457
case_258,0,0,62.42423656,0.095339148,1.366183439,0.413860475,0.003188853,0.447219703,0.036486769,0.142566783
case_259,0,0,245.1886283,0.08072867,0.504702435,0.307387205,0.003592496,0.264586819,0.034532676,0.635195961
case_260,0,0,211.2035689,0.083997848,0.623501557,0.431739268,0.003830649,0.132314073,0.039527405,0.359497086
case_261,0,0,338.8505191,0.085036146,0.099362565,0.573393391,0.003338511,0.501819537,0.042798815,0.672921649
case_262,0,0,309.0029024,0.095568772,0.465245113,0.418145374,0.003633446,0.708534402,0.026351751,0.459926819
case_263,0,0,265.0668349,0.070112933,1.000817508,0.552208323,0.004002969,0.301466286,0.039416806,0.432092508
case_264,0,0,296.6376995,0.064254724,0.314612547,0.513361095,0.004263195,0.33559406,0.048203463,0.85020769
case_265,0,0,289.9170691,0.070785249,0.667130096,0.666464778,0.002863438,0.490758942,0.05150726,0.248849846
case_266,0,0,282.7081571,0.058007297,1.916875043,0.322076029,0.003775397,0.215755291,0.037692679,0.258937718
case_267,0,0,230.4165146,0.119477063,0.383094548,0.515784805,0.004106256,0.577650623,0.045290328,0.641161756
case_268,0,0,124.7926706,0.069075674,1.850919415,0.468075282,0.003259093,0.367627959,0.032227409,0.41534051
case_269,0,0,16.61285861,0.102444391,1.507652291,0.326868913,0.004025815,0.134198323,0.02776347,0.479039198
case_270,0,0,129.5352182,0.059798185,1.691886434,0.548097645,0.003751771,0.862439181,0.024548376,0.344722983
case_271,0,0,47.40974257,0.073405468,1.406506245,0.320469649,0.003018584,0.704498254,0.051194806,0.355666636
case_272,0,0,1.83624602,0.086454291,0.624691256,0.144466215,0.002668256,0.826200048,0.064709197,0.338041332
case_273,0,0,85.32010926,0.096671013,1.649148589,0.537483491,0.003367462,0.89307352,0.034124629,0.894288452
case_274,0,0,345.9924503,0.106495054,0.63451737,0.719941985,0.003354339,0.270801386,0.036614673,0.208373803
case_275,0,0,136.357081,0.060317759,1.631044232,0.341665498,0.003426199,0.471568317,0.032521182,0.18236855
case_276,0,0,144.4456333,0.049352261,0.300601499,0.502788178,0.00410256,0.863879697,0.03620078,0.66064839
case_277,0,0,314.8251073,0.087219951,0.070428669,0.208752772,0.002279765,0.807978408,0.048646684,0.405469272
case_278,0,0,26.98535942,0.104119056,0.401804279,0.80912676,0.004389084,0.630795346,0.043111073,0.68247467
case_279,0,0,318.0700953,0.085932612,1.59811403,0.822381519,0.003861448,0.557256201,0.033660229,0.386504448
case_280,0,0,248.5663903,0.086361414,1.992905217,0.610271496,0.003983977,0.851801031,0.041377217,0.260692862
case_281,0,0,158.4752268,0.091108453,1.544723792,0.44270823,0.004150975,0.357643695,0.038208203,0.779549302
case_282,0,0,73.9042713,0.115294917,1.895054685,0.434586332,0.003819753,0.727061808,0.048347581,0.397870022
case_283,0,0,188.7417092,0.067417204,0.743322698,0.571733576,0.004099197,0.148288171,0.040780632,0.374254257
case_284,0,0,24.21139134,0.080519942,0.412606998,0.520468499,0.004018115,0.347652125,0.031893294,0.261159605
case_285,0,0,51.57766612,0.107026807,0.738081731,0.29183879,0.003700535,0.667269595,0.040889027,0.654077618
case_286,0,0,171.8917958,0.107250878,1.075525035,0.487355738,0.002193509,0.81159424,0.037976826,0.349736142
case_287,0,0,149.905256,0.101405627,0.377655923,0.882431558,0.003052068,0.34049558,0.053489418,0.805344274
case_288,0,0,345.5587336,0.073514249,0.198080613,0.427074979,0.003624105,0.269435968,0.049098205,0.217627433
case_289,0,0,13.33406529,0.10323555,1.413516393,0.387105934,0.004508843,0.337826204,0.044289015,0.54772635
case_290,0,0,242.8177488,0.04122063,1.822993833,0.437220716,0.004799454,0.389220779,0.040333982,0.652862394
case_291,0,0,314.3279325,0.086868614,0.183579062,0.701632902,0.003059029,0.860938718,0.029548497,0.745663254
case_292,0,0,170.9248744,0.089357945,1.045090956,0.606593579,0.00417025,0.637997418,0.029680824,0.845746682
case_293,0,0,156.8391777,0.083419073,1.470450115,0.420639211,0.002790685,0.761657572,0.056965458,0.135964251
case_294,0,0,120.9918921,0.082631865,0.832780353,0.597895978,0.003325324,0.288958561,0.03491899,0.877034252
case_295,0,0,238.6603494,0.113217399,1.617423911,0.408089473,0.003621244,0.10517315,0.049368338,0.322070002
case_296,0,0,323.3699138,0.111451691,0.20940767,0.594730832,0.003429241,0.684793084,0.048759247,0.801800738
case_297,0,0,104.9534372,0.105738027,1.141018651,0.560137311,0.002810635,0.333825539,0.047559403,0.756762519
case_298,0,0,112.8259658,0.097511143,1.281320424,0.414246933,0.00341647,0.291202029,0.032269667,0.687641762
case_299,0,0,279.2080295,0.068070854,0.212047259,0.514014574,0.004165601,0.433987804,0.031159911,0.398544945
case_300,0,0,24.6155422,0.080464434,0.548596162,0.254061742,0.004911706,0.158118269,0.037120555,0.411008659
case_301,0,0,325.9777165,0.079482982,0.871107289,0.455349424,0.003498826,0.801716576,0.05403256,0.881974873
case_302,0,0,32.68557821,0.063487558,0.293143917,0.488986779,0.002662099,0.40887315,0.041865743,0.53053388
case_303,0,0,7.776761105,0.089423032,0.979765944,0.632495212,0.003963084,0.750861183,0.012577878,0.8360642
case_304,0,0,36.2981837,0.022720614,1.143800602,0.236976178,0.003431528,0.154462434,0.042260705,0.327827236
case_305,0,0,340.4235577,0.070210237,1.396053503,0.366865238,0.002995415,0.789421516,0.035182482,0.114182767
case_306,0,0,150.5317288,0.105857995,0.148925666,0.464203041,0.003310478,0.200513784,0.042353014,0.83732074
case_307,0,0,258.1899966,0.088510946,1.624229622,0.303383613,0.003282233,0.734145365,0.052616617,0.839113308
case_308,0,0,174.5759312,0.076436373,1.922497475,0.578974129,0.003074282,0.213031174,0.038310435,0.835096124
case_309,0,0,116.913807,0.098531876,1.512651655,0.4950052,0.004488075,0.459830141,0.029660918,0.640017041
case_310,0,0,352.9179198,0.109033466,1.425081958,0.772898789,0.004719597,0.346402743,0.045910835,0.659084526
case_311,0,0,3.808530386,0.090332068,0.039701742,0.477254197,0.00408,0.303694669,0.020493304,0.490525586
case_312,0,0,353.6335858,0.065657164,1.191944731,0.590798155,0.004315653,0.364803814,0.038408781,0.86860014
case_313,0,0,184.7457198,0.043738238,0.736139618,0.424867243,0.003306302,0.203814019,0.05289055,0.422515411
case_314,0,0,73.17186797,0.092827829,1.80741882,0.716674274,0.0039214,0.84545809,0.031553818,0.613192349
case_315,0,0,251.8036784,0.069125924,0.576959407,0.555752581,0.004518907,0.831181103,0.034967242,0.874597485
case_316,0,0,160.7445474,0.106062952,0.632554067,0.472310568,0.002901524,0.731639572,0.042933939,0.856384654
case_317,0,0,76.25320788,0.09291156,0.25799067,0.736309104,0.002942568,0.290404736,0.056035275,0.715720458
case_318,0,0,224.9282316,0.074752337,1.774515344,0.333920194,0.003253344,0.635522158,0.043454476,0.633075273
case_319,0,0,241.5491839,0.078199153,1.37328891,0.360571917,0.003735464,0.621033073,0.03532595,0.574432517
case_320,0,0,324.2320579,0.064993181,1.105455271,0.396353819,0.004340928,0.394499693,0.049970083,0.341195828
case_321,0,0,212.2343252,0.091729838,0.110945882,0.383811233,0.004225709,0.572507978,0.023840433,0.497389963
case_322,0,0,54.97925971,0.104731023,1.230108157,0.346766942,0.002924366,0.421749047,0.040229096,0.847926986
case_323,0,0,139.8838129,0.096206864,0.227621289,0.4293656,0.003655358,0.282547477,0.043431563,0.391158786
case_324,0,0,33.99615969,0.067721364,1.372094761,0.455115894,0.003937977,0.776829352,0.05108916,0.263036982
case_325,0,0,12.50827819,0.047930463,0.816996383,0.527456731,0.004602034,0.846961519,0.045969263,0.194391662
case_326,0,0,104.3825813,0.091611901,0.327057215,0.503050052,0.002916196,0.114907702,0.055754325,0.789634941
case_327,0,0,304.1647011,0.093155674,0.471948149,0.330171955,0.003740312,0.665916607,0.033425658,0.132572661
case_328,0,0,146.6888646,0.074719254,1.505881081,0.301578673,0.003724915,0.379632952,0.04607068,0.861101736
case_329,0,0,147.6773846,0.108177184,1.466171935,0.077038418,0.003760647,0.849849137,0.046791586,0.372297142
case_330,0,0,163.2086058,0.061007686,1.768342024,0.900870754,0.004044168,0.781227939,0.045518165,0.311086503
case_331,0,0,122.5082809,0.064926331,1.658418137,0.482557207,0.003211561,0.397479073,0.043164337,0.585604181
case_332,0,0,330.4808226,0.086495627,1.773140585,0.575456417,0.003094406,0.891738308,0.032678494,0.362222501
case_333,0,0,31.25668156,0.082412657,0.83693587,0.294456016,0.004266981,0.343949137,0.032806896,0.719367217
case_334,0,0,265.9879044,0.123437425,0.05765816,0.643176986,0.002352828,0.594999635,0.020701446,0.714727867
case_335,0,0,164.3448608,0.073035277,0.508168663,0.202360422,0.004348762,0.216865069,0.040582841,0.615930822
case_336,0,0,75.30271087,0.064508363,1.512276846,0.47665435,0.00360748,0.599715435,0.032033649,0.79724386
case_337,0,0,165.8700346,0.088177347,1.793092714,0.314115865,0.002870023,0.809711347,0.021950729,0.70766245
case_338,0,0,171.1905938,0.078890808,1.738330213,0.69736272,0.003779377,0.487648109,0.044230426,0.775064413
case_339,0,0,18.39238885,0.06822962,1.311411211,0.681931989,0.003089104,0.614723894,0.04473674,0.365329341
case_340,0,0,258.3553915,0.078852545,0.638635228,0.576813526,0.002681961,0.726704839,0.066299684,0.806405391
case_341,0,0,311.8012814,0.094382349,0.409748107,0.321224177,0.004063968,0.644769204,0.03632394,0.189639933
case_342,0,0,68.14675156,0.087286417,1.072561424,0.435905221,0.00412861,0.682435629,0.05326863,0.141470687
case_343,0,0,158.0747217,0.086256046,0.729921804,0.495325686,0.002584764,0.122138128,0.050581661,0.412032241
case_344,0,0,280.2430835,0.107762772,0.47515401,0.549357037,0.00391586,0.759389825,0.046337341,0.267467045
case_345,0,0,118.1846731,0.07652143,0.322613056,0.66734887,0.004139412,0.276369193,0.027222138,0.703623319
case_346,0,0,205.8844972,0.065540178,1.450513162,0.379503142,0.004682574,0.426501095,0.038273469,0.893873163
case_347,0,0,284.7571063,0.070338537,1.695291148,0.498848363,0.003643369,0.370848186,0.049056057,0.51497352
case_348,0,0,8.337279338,0.087586611,0.756780945,0.501713026,0.00339835,0.323687746,0.019981483,0.646797411
case_349,0,0,336.7078294,0.05850009,1.515407934,0.420100136,0.004352935,0.315254404,0.047911739,0.791065135
case_350,0,0,240.1555903,0.063448521,1.604666144,0.54881885,0.002953983,0.177111655,0.055375805,0.449950884
case_351,0,0,50.35193338,0.073753395,0.72679102,0.353352358,0.003021274,0.833542683,0.038459246,0.532076896
case_352,0,0,357.1139252,0.082898491,1.768833665,0.560420599,0.002476013,0.657200941,0.03778902,0.384433715
case_353,0,0,84.59764205,0.05468952,1.111212919,0.562112112,0.003544734,0.306773555,0.034105773,0.587988049
case_354,0,0,156.4901963,0.078354016,1.660708414,0.465543975,0.002303753,0.160886403,0.047246753,0.64838455
case_355,0,0,348.92145,0.098599179,1.067429201,0.478519666,0.003638278,0.571884487,0.055162296,0.348587263
case_356,0,0,299.0830331,0.0763527,0.181124617,0.742548015,0.002829628,0.579363961,0.048221295,0.22124276
case_357,0,0,222.2258518,0.055738709,1.864713147,0.411206968,0.00319697,0.666483705,0.0466829,0.862796507
case_358,0,0,154.9453928,0.048967791,1.443989132,0.776157831,0.003280109,0.257935121,0.069238902,0.151161674
case_359,0,0,161.1810026,0.076873028,1.722923165,0.363360772,0.003395647,0.802820278,0.04447571,0.713790691
case_360,0,0,310.1846205,0.078288035,1.812301494,0.660497201,0.003483118,0.495714688,0.043641667,0.112213405
case_361,0,0,0.237862742,0.081445236,0.380459604,0.375526496,0.004507593,0.39694211,0.043789256,0.804658378
case_362,0,0,297.1805999,0.030020025,1.050786837,0.601780875,0.002939673,0.724808872,0.028547676,0.508301869
case_363,0,0,129.6822152,0.05546448,0.845608414,0.47069766,0.004283595,0.559783842,0.039850782,0.136488942
case_364,0,0,283.9167738,0.0905486,1.458949567,0.096965478,0.003799683,0.592187829,0.035050032,0.409691094
case_365,0,0,59.99504292,0.060923912,0.853595752,0.355461579,0.002749192,0.239451553,0.042958753,0.483501859
case_366,0,0,40.40809335,0.081712349,1.654422631,0.488111967,0.003572723,0.247121772,0.039008007,0.62543097
case_367,0,0,349.8330266,0.109004287,1.958978157,0.563975846,0.00343615,0.632670435,0.058260673,0.259496635
case_368,0,0,143.4084398,0.093979084,0.895268982,0.393799383,0.002103385,0.659073227,0.036634581,0.681092291
case_369,0,0,79.91727418,0.050436415,0.222232588,0.699722151,0.003513054,0.331027304,0.038829933,0.846192521
case_370,0,0,291.7051102,0.063690628,0.942395637,0.600714538,0.003489676,0.743870087,0.038912019,0.673209046
case_371,0,0,60.49176977,0.1066586,0.333132802,0.469725732,0.002648602,0.85379577,0.036887997,0.181949945
case_372,0,0,228.1713526,0.074120904,0.168808336,0.315059209,0.002462181,0.587098112,0.059072214,0.474962422
case_373,0,0,237.4775286,0.084520158,1.748672478,0.624767048,0.003809996,0.875573986,0.047124851,0.287052144
case_374,0,0,330.0010211,0.120666975,1.553747333,0.624360349,0.003764913,0.448010663,0.033518142,0.829369739
case_375,0,0,326.9821117,0.076724015,0.081334854,0.33807035,0.003159233,0.26143561,0.038743344,0.873462129
case_376,0,0,321.9316104,0.069752302,0.992938563,0.477725165,0.00364877,0.551087241,0.033785376,0.800989401
case_377,0,0,242.5324845,0.099770498,1.828505369,0.150924112,0.003474807,0.431072052,0.023185313,0.580322159
case_378,0,0,284.8766938,0.093285239,0.949899052,0.425954217,0.002986602,0.113012145,0.022367906,0.477873386
case_379,0,0,302.8872085,0.080204565,0.02306216,0.247720894,0.003507443,0.252044498,0.039332753,0.502747471
case_380,0,0,315.3130876,0.086750884,0.361101581,0.174973975,0.003976681,0.516702317,0.022718469,0.499504817
case_381,0,0,220.624127,0.06815438,0.681755239,0.662566926,0.003301909,0.469192077,0.053400667,0.360273633
case_382,0,0,342.9435559,0.051124036,0.164727666,0.444769336,0.003317898,0.355574222,0.039448278,0.369189337
case_383,0,0,9.425822715,0.090684039,1.969450565,0.661653145,0.003978965,0.128200749,0.048836719,0.631195007
case_384,0,0,285.3294115,0.090099366,1.104012975,0.412442166,0.004193087,0.138941564,0.053816614,0.819795881
case_385,0,0,99.9652173,0.04641581,1.012713108,0.42424371,0.002371006,0.467798421,0.028112331,0.592762894
case_386,0,0,51.92591768,0.078991755,1.732053789,0.472684503,0.004839081,0.828893168,0.034839178,0.107642225
case_387,0,0,85.95744349,0.052285007,0.878507552,0.563719758,0.003168901,0.13684978,0.047387207,0.670843786
case_388,0,0,184.1836757,0.082709083,1.700179212,0.316665393,0.002897514,0.612690883,0.048880948,0.478112599
case_389,0,0,312.992343,0.076842946,1.243781483,0.631933661,0.003314589,0.534862879,0.021192097,0.176982522
case_390,0,0,101.7866974,0.071810982,1.546236275,0.526370357,0.004258545,0.739847949,0.029473121,0.443839223
case_391,0,0,28.27926437,0.084714753,1.153125391,0.339511413,0.004521471,0.531919658,0.053318351,0.44215533
case_392,0,0,295.1632083,0.09505331,1.709657676,0.390974352,0.004434015,0.723913976,0.040971373,0.15414743
case_393,0,0,103.590556,0.04833079,0.657597256,0.348355627,0.003852204,0.500054906,0.042526861,0.513887544
case_394,0,0,6.195828726,0.097557682,1.859624944,0.113571577,0.003181602,0.6274033,0.030561721,0.375584585
case_395,0,0,102.9855409,0.141279028,0.848636937,0.834815186,0.00297495,0.274879628,0.039079848,0.559889283
case_396,0,0,229.8689437,0.08949262,1.715694598,0.48066695,0.004361711,0.454344912,0.037290576,0.439140212
case_397,0,0,249.6845579,0.067068647,0.03063391,0.751602221,0.004029575,0.642693261,0.016766898,0.225026374
case_398,0,0,332.5737013,0.098751358,0.749887923,0.471823903,0.003321107,0.507964418,0.039909637,0.690223756
case_399,0,0,139.3899548,0.053939067,1.76399769,0.358555831,0.003334622,0.819057306,0.038012937,0.73568327
case_400,0,0,179.6041198,0.134768748,0.792409259,0.389761092,0.003062779,0.613990605,0.039289347,0.5238813
case_401,0,0,39.09032495,0.078419322,0.556919031,0.467177934,0.002399939,0.62560281,0.04978287,0.763127724
case_402,0,0,324.492421,0.044071686,0.352413177,0.284835331,0.002766093,0.146527385,0.030528537,0.169971056
case_403,0,0,2.544065571,0.08005278,0.040924763,0.747471694,0.003999046,0.769352761,0.030354373,0.878093899
case_404,0,0,115.7864638,0.098876492,0.055392005,0.574374073,0.003293917,0.690043665,0.04163127,0.498879032
case_405,0,0,226.8443205,0.06318942,0.430225359,0.794616445,0.00354101,0.419534588,0.037617867,0.741281167
case_406,0,0,3.590432195,0.07396584,0.79833581,0.626737196,0.00417625,0.689415855,0.04118508,0.669442516
case_407,0,0,301.0883503,0.100530447,1.33293963,0.520046572,0.002795512,0.835195842,0.041796875,0.732702973
case_408,0,0,96.76325356,0.060370621,0.538644027,0.494315195,0.003303775,0.785067594,0.053878167,0.371582574
case_409,0,0,218.5056425,0.054944,1.79939412,0.364195638,0.002859171,0.864697137,0.044931192,0.427626873
case_410,0,0,189.0900787,0.064135843,0.81405957,0.356968059,0.003963525,0.583435525,0.048491103,0.240020312
case_411,0,0,322.7830483,0.110255559,0.026680638,0.52906812,0.003952184,0.236023976,0.025752899,0.694332686
case_412,0,0,169.931369,0.07539043,1.973491136,0.678393398,0.004633702,0.790897782,0.034003432,0.546417443
case_413,0,0,256.6840553,0.049540178,1.499846117,0.393308507,0.004074067,0.836249068,0.043394051,0.328388993
case_414,0,0,173.2850495,0.101893126,0.334593533,0.694396223,0.002912329,0.455980995,0.052940814,0.256316228
case_415,0,0,104.5604389,0.077497682,1.574678896,0.251075009,0.002045595,0.549714533,0.039176739,0.607246994
case_416,0,0,206.6680057,0.103345531,0.100849058,0.703611978,0.003606936,0.883607909,0.055263965,0.336806609
case_417,0,0,281.1856229,0.056973819,0.533907941,0.614159781,0.003553052,0.199206991,0.028214763,0.238421428
case_418,0,0,92.48931992,0.100679862,0.403247609,0.457416944,0.004299248,0.748846603,0.061895409,0.206289928
case_419,0,0,250.2537073,0.09415527,0.28380286,0.559552345,0.003400565,0.504527349,0.051866657,0.731941223
case_420,0,0,324.9022801,0.107657253,1.403408449,0.401708005,0.004584827,0.494494287,0.030075848,0.766241229
case_421,0,0,142.8346922,0.087391116,0.261079866,0.309232089,0.003843843,0.881757998,0.032384929,0.17264073
case_422,0,0,286.1257001,0.055175291,1.456416455,0.872697159,0.00328678,0.499039985,0.027019129,0.395366017
case_423,0,0,214.5904255,0.117046096,0.821178506,0.315896134,0.003479886,0.870476685,0.041049487,0.105324924
case_424,0,0,274.3626283,0.092268392,0.771873027,0.50119031,0.00380001,0.544154151,0.046753412,0.291372132
case_425,0,0,20.29213543,0.080964742,0.345856893,0.306555808,0.004404066,0.228420292,0.032601775,0.235037666
case_426,0,0,54.76876158,0.098692817,0.661098954,0.586358139,0.002309646,0.488916631,0.049584776,0.871627742
case_427,0,0,111.0638165,0.083877821,1.221696721,0.467518578,0.004381706,0.380774615,0.055618413,0.139530385
case_428,0,0,46.74646515,0.072754054,1.826396334,0.525553737,0.003597298,0.527328074,0.03804852,0.83487515
case_429,0,0,276.4853975,0.12095263,1.929593344,0.509400492,0.003144987,0.76277093,0.033499475,0.550746957
case_430,0,0,41.30920678,0.093615675,0.49064405,0.611129117,0.004308317,0.633086164,0.03139104,0.725677594
case_431,0,0,2.817441715,0.078438535,0.569296878,0.453071265,0.003231154,0.406466127,0.043255266,0.764706173
case_432,0,0,85.70025323,0.066456308,0.664766427,0.514991739,0.002801453,0.427917934,0.041223481,0.382907529
case_433,0,0,334.7574688,0.08487041,0.685640136,0.515193071,0.003721375,0.358617609,0.045078157,0.588112514
case_434,0,0,302.2239789,0.061965498,1.037616749,0.243393009,0.003807699,0.271047421,0.035671031,0.403004923
case_435,0,0,67.07888533,0.102569318,0.097009322,0.518480638,0.00434577,0.193559058,0.031794036,0.511954972
case_436,0,0,211.5933438,0.067237418,0.386474189,0.565462611,0.00275568,0.837123926,0.036966976,0.562308312
case_437,0,0,335.100153,0.077972148,1.393304711,0.489805618,0.003569548,0.585312822,0.044547396,0.163049162
case_438,0,0,189.6731757,0.060041675,0.651629502,0.458936456,0.004558498,0.661162511,0.043028213,0.416537457
case_439,0,0,225.0367211,0.079954136,0.507270053,0.400969363,0.002734972,0.636090656,0.01966626,0.110742221
case_440,0,0,293.0165181,0.082505351,1.119085391,0.509200784,0.002763111,0.539444247,0.044437077,0.150736354
case_441,0,0,10.22775423,0.057268236,1.089385757,0.670190393,0.004497372,0.311994008,0.027854101,0.305667406
case_442,0,0,273.0545708,0.074549352,0.396309933,0.56753936,0.003907022,0.206052962,0.038545974,0.222190456
case_443,0,0,199.0343255,0.066718358,0.439249856,0.658243573,0.003273175,0.563384823,0.027348106,0.30084616
case_444,0,0,74.8356906,0.101877773,1.683928526,0.650302167,0.003174243,0.698041381,0.024381643,0.765684385
case_445,0,0,124.475743,0.041732059,0.083027784,0.727497348,0.004853993,0.102647388,0.037439101,0.624076655
case_446,0,0,320.4631512,0.094251727,1.995230521,0.290335273,0.003498013,0.21101909,0.050429223,0.577767167
case_447,0,0,151.7115031,0.109234609,1.120197753,0.637461951,0.003120574,0.187661745,0.036008866,0.339938592
case_448,0,0,68.93616271,0.069239073,1.77878543,0.717775597,0.003191702,0.235833867,0.046394925,0.423424827
case_449,0,0,77.92616559,0.075150693,0.122631276,0.539790707,0.003348128,0.6457478,0.038896498,0.20312004
case_450,0,0,66.50526173,0.114521831,0.51730722,0.282405468,0.00417493,0.60312469,0.031115968,0.352955513
case_451,0,0,354.767201,0.100139848,1.4548226,0.618120165,0.003900273,0.260493599,0.037332417,0.758302128
case_452,0,0,352.4305433,0.09527813,1.990833204,0.739101563,0.003718702,0.543146491,0.060803616,0.551961478
case_453,0,0,236.3938247,0.101501145,0.647997373,0.399102441,0.003872143,0.356228077,0.024780586,0.666443364
case_454,0,0,308.6113194,0.076138565,1.071176848,0.429809162,0.003731755,0.595301606,0.051630826,0.809759204
case_455,0,0,236.8491518,0.079839869,1.145333159,0.447013012,0.003495717,0.256978206,0.050855033,0.57922673
case_456,0,0,272.2707249,0.079528175,0.201967585,0.276908295,0.003750667,0.111777962,0.021359181,0.463083909
case_457,0,0,321.7126324,0.080156428,1.782588849,0.519701454,0.003323196,0.897767179,0.032896674,0.155469951
case_458,0,0,8.854118735,0.079204607,0.691662981,0.170417457,0.002908528,0.873903245,0.026771772,0.744423703
case_459,0,0,45.99220108,0.113985434,1.007606919,0.474609541,0.002114375,0.285651727,0.024709794,0.599696017
case_460,0,0,33.65733466,0.072568577,0.246223361,0.580073508,0.003774114,0.722938183,0.036567816,0.644915636
case_461,0,0,72.87545389,0.08219695,1.445550906,0.178900871,0.003394224,0.339541034,0.036712054,0.733308659
case_462,0,0,231.6364036,0.129613796,0.885866175,0.53350089,0.003459719,0.654758516,0.056197028,0.476703939
case_463,0,0,253.972008,0.083926059,0.706856308,0.696474885,0.002168652,0.435773452,0.031989611,0.444727866
case_464,0,0,22.00798164,0.097665342,0.806599501,0.256901622,0.00432918,0.570874534,0.064044905,0.108479446
case_465,0,0,326.5683014,0.072228708,0.447442111,0.622941414,0.002702148,0.449401462,0.04289766,0.825270649
case_466,0,0,174.6602515,0.091339015,1.017898109,0.328777173,0.003822066,0.137101689,0.038270135,0.818168195
case_467,0,0,109.5996833,0.073696848,1.920267382,0.665287113,0.003276188,0.204164311,0.041511324,0.307625257
case_468,0,0,59.4550383,0.089590319,1.354950062,0.598583724,0.002521079,0.120085766,0.056641837,0.567869599
case_469,0,0,301.9211073,0.085590796,1.707846254,0.419809303,0.0039443,0.405505498,0.023557953,0.848365221
case_470,0,0,168.8337499,0.074958767,1.861664545,0.448631481,0.004568147,0.653536791,0.035234433,0.164435914
case_471,0,0,267.0883736,0.056247548,0.230430325,0.449963864,0.003791472,0.798028388,0.0361177,0.533118785
case_472,0,0,130.6705743,0.058611647,1.581531397,0.261219377,0.003564912,0.209995879,0.039793519,0.603592603
case_473,0,0,97.42802896,0.069514425,0.512722568,0.481431595,0.004203839,0.597714979,0.040419223,0.262195825
case_474,0,0,177.5525739,0.105087279,1.757033431,0.516977397,0.004047242,0.675035711,0.031665162,0.521407289
case_475,0,0,164.823498,0.091805425,0.103310869,0.570820163,0.00315381,0.24848959,0.03884992,0.695954039
case_476,0,0,264.4457367,0.079330903,0.934490767,0.765731519,0.00395628,0.874665663,0.0377405,0.140430732
case_477,0,0,297.6050157,0.095618619,0.298100047,0.444087875,0.003924587,0.700580119,0.034201383,0.196484466
case_478,0,0,305.7985652,0.06386622,0.534996178,0.54613081,0.004050566,0.232692867,0.046725537,0.740498614
case_479,0,0,6.531410563,0.084621586,0.926947598,0.259316313,0.00311285,0.287101118,0.04970255,0.130542799
case_480,0,0,108.1510617,0.048763239,0.31157125,0.242240776,0.003261121,0.112681028,0.024521157,0.122400117
case_481,0,0,160.1708741,0.077610809,0.552742591,0.587569873,0.004613736,0.283727462,0.045643438,0.100192862
case_482,0,0,176.7169309,0.050738891,0.562841745,0.358935834,0.004068408,0.41724686,0.042416134,0.318310956
case_483,0,0,263.9142412,0.082524032,1.083065922,0.65510742,0.003238855,0.416934805,0.027158081,0.770670278
case_484,0,0,208.8195008,0.07384867,0.914075526,0.20743529,0.003372457,0.240389459,0.04433715,0.784401331
case_485,0,0,114.586448,0.078018841,1.134718515,0.584214413,0.002676921,0.415888777,0.050766591,0.448703153
case_486,0,0,127.6379971,0.08611401,0.149333344,0.752950965,0.003493514,0.609669357,0.037552251,0.717668998
case_487,0,0,87.25359967,0.065948136,0.56488402,0.540899,0.003379362,0.72981548,0.040113674,0.813919534
case_488,0,0,203.8049072,0.045591069,0.076958124,0.376796786,0.004810567,0.152253044,0.043278783,0.337516201
case_489,0,0,357.7401995,0.065077066,0.617434419,0.73206883,0.003218095,0.314574647,0.045096332,0.869111409
case_490,0,0,220.2580816,0.07942938,1.228354205,0.542470004,0.003298524,0.695116321,0.03470304,0.898192386
case_491,0,0,290.7392472,0.056781634,0.574025555,0.412990336,0.003319582,0.590747813,0.033199917,0.867843867
case_492,0,0,338.647914,0.053533145,0.531825025,0.406670989,0.003138505,0.395195192,0.03332944,0.492175812
case_493,0,0,223.2126738,0.068882805,0.176584757,0.628542203,0.003630623,0.800870826,0.03047568,0.247602724
case_494,0,0,240.7217516,0.095100326,0.907550122,0.264445374,0.003703814,0.453959414,0.038174536,0.244796483
case_495,0,0,11.66065293,0.075237466,0.69594999,0.588306629,0.004673376,0.124739032,0.018472089,0.639156909
case_496,0,0,348.7010364,0.083162326,0.035431757,0.296513407,0.002488341,0.443173634,0.043578344,0.137879947
case_497,0,0,88.37149962,0.091185187,0.82652136,0.249402766,0.002883446,0.195585994,0.038500352,0.746802944
case_498,0,0,162.271423,0.11288965,1.814065584,0.545650743,0.004770734,0.69376187,0.046380129,0.84434372
case_499,0,0,146.1862713,0.089850632,0.780314268,0.280295288,0.003897603,0.649052657,0.043122953,0.61966646
case_500,0,0,123.1126829,0.049222403,1.224431123,0.572919158,0.003626823,0.201342386,0.046132519,0.437181072
case_501,0,0,123.4348622,0.08841404,0.873563274,0.626572138,0.003593107,0.140274235,0.056286811,0.504078638
case_502,0,0,182.5748816,0.098963925,0.431405633,0.444907423,0.004120008,0.242169297,0.035920243,0.688783439
case_503,0,0,151.6463797,0.038545504,0.544599912,0.398158799,0.003204087,0.188190506,0.045595129,0.77487943
case_504,0,0,238.2578459,0.069565787,0.917761836,0.466085663,0.003806312,0.878948771,0.049029003,0.510371759
case_505,0,0,224.5254119,0.108824294,1.63542009,0.722429814,0.003519434,0.560573855,0.048974506,0.649755106
case_506,0,0,38.08739662,0.088305071,1.256206139,0.507717515,0.002959013,0.619087674,0.035451574,0.651568864
case_507,0,0,50.77087352,0.059244771,1.191079305,0.58695657,0.003900525,0.606650443,0.033120788,0.254580907
case_508,0,0,217.9873118,0.086083668,1.271509516,0.440868549,0.004548099,0.580198951,0.046200464,0.452986122
case_509,0,0,90.72919062,0.08380801,1.329783351,0.398894079,0.003598943,0.62373373,0.043959123,0.454678036
case_510,0,0,267.636454,0.086968092,0.705625097,0.744036612,0.003580554,0.208468548,0.026900669,0.400786921
case_511,0,0,27.49959494,0.045882958,1.487866975,0.380006175,0.003960458,0.428242479,0.04584176,0.417456871
case_512,0,0,271.0498463,0.067490759,1.216926683,0.373840967,0.003604846,0.262085177,0.049300442,0.450148754
case_513,0,0,15.48431675,0.056613393,1.475321464,0.39718943,0.004198939,0.656793975,0.032147349,0.23758681
case_514,0,0,215.4907406,0.096586966,1.845115495,0.556302963,0.004467969,0.896619898,0.038366551,0.872765186
case_515,0,0,309.329438,0.054199717,1.669570548,0.557777535,0.003234807,0.181815273,0.027789954,0.113438031
case_516,0,0,234.0253922,0.076780845,1.585766067,0.371713977,0.00259509,0.562357887,0.037099398,0.451743323
case_517,0,0,210.6580115,0.05208653,0.527209193,0.771719531,0.003588269,0.342367089,0.036530816,0.584110472
case_518,0,0,125.1659372,0.065680732,1.855804195,0.709141142,0.003949615,0.386480585,0.02606515,0.290775466
case_519,0,0,344.7892928,0.092552173,0.140904073,0.372903256,0.004482853,0.5664037,0.040129304,0.772950897
case_520,0,0,215.940688,0.06190525,0.571057393,0.461591509,0.002730586,0.876178974,0.025416969,0.243857819
case_521,0,0,5.590006822,0.09219624,0.179093317,0.340287617,0.003471571,0.384535047,0.040709434,0.866079953
case_522,0,0,134.7484342,0.075896804,1.873132457,0.612625368,0.002772721,0.189212398,0.037951306,0.494436081
case_523,0,0,23.5675511,0.105276757,0.303279538,0.735141319,0.00302528,0.255463512,0.036310201,0.401281161
case_524,0,0,245.4239493,0.116343623,0.043369436,0.357771492,0.002947182,0.442375858,0.034617219,0.389373459
case_525,0,0,247.0891969,0.073094613,0.238406943,0.540549464,0.002418423,0.377061943,0.030316014,0.345934231
case_526,0,0,171.9637059,0.058282782,1.762743125,0.41444023,0.003562299,0.733093711,0.041647521,0.629134264
case_527,0,0,120.4775772,0.047566959,1.3430618,0.446080613,0.003941646,0.363262663,0.04946522,0.536511278
case_528,0,0,157.203388,0.076268248,1.639087661,0.273301934,0.003991482,0.643683541,0.039092404,0.859294912
case_529,0,0,311.2436223,0.076644222,1.21323169,0.521979765,0.003361683,0.351781826,0.039619229,0.211379237
case_530,0,0,1.041418714,0.047029947,0.218709575,0.12475548,0.003481252,0.464380185,0.025672981,0.120728598
case_531,0,0,265.5706918,0.108444799,0.722364377,0.460082437,0.002628001,0.365662119,0.040488694,0.56096916
case_532,0,0,56.69228463,0.071385002,1.797702624,0.481044505,0.003582622,0.578012646,0.028075914,0.156069714
case_533,0,0,294.594397,0.101722663,0.089906012,0.609683339,0.003714497,0.362941315,0.044811569,0.269353906
case_534,0,0,232.7702215,0.066342408,1.881601697,0.479019559,0.003420154,0.823438656,0.029217453,0.790690802
case_535,0,0,177.927,0.075022958,1.662932691,0.456680546,0.00342185,0.530088136,0.024213101,0.883083997
case_536,0,0,132.7469345,0.059951263,0.522431477,0.486625658,0.003536366,0.273667401,0.061247854,0.674973948
case_537,0,0,79.62847017,0.073189739,0.489851741,0.677061295,0.003047223,0.233123474,0.040534874,0.414067296
case_538,0,0,117.2491936,0.082820485,0.131636186,0.630755704,0.003272372,0.476452955,0.047587775,0.706816056
case_539,0,0,350.2874905,0.100780606,1.971450428,0.714139484,0.004256453,0.477551679,0.019480805,0.501697153
case_540,0,0,70.21487274,0.087973048,1.825506232,0.527893864,0.00234904,0.73508306,0.042215693,0.616032352
case_541,0,0,99.12315597,0.065792375,1.461708268,0.474099124,0.004409083,0.460356878,0.036500978,0.420309548
case_542,0,0,231.1522468,0.085174522,1.357211775,0.269064979,0.002432774,0.574686168,0.042576077,0.571255379
case_543,0,0,23.20357687,0.096485731,1.718122351,0.479297021,0.0040008,0.550141068,0.041121833,0.288092842
case_544,0,0,132.7986799,0.080580633,0.663183269,0.65319093,0.004541447,0.78217837,0.036726082,0.5610913
case_545,0,0,342.1980756,0.11363998,1.521226786,0.43923492,0.002716433,0.474166027,0.044387881,0.252416574
case_546,0,0,39.50235751,0.0545179,1.052514594,0.521423105,0.004200975,0.521863856,0.033889159,0.496430424
case_547,0,0,192.2715412,0.069393034,0.127885008,0.497595453,0.004645757,0.354956544,0.041080313,0.18367482
case_548,0,0,131.9530728,0.093535833,0.08665541,0.403446615,0.003556796,0.178061453,0.021536557,0.435145387
case_549,0,0,218.812732,0.087930108,0.145976955,0.352713164,0.002493179,0.546742875,0.041418221,0.575836983
case_550,0,0,19.53138483,0.06168515,1.675158889,0.615220376,0.004031997,0.491583846,0.039710847,0.653787692
case_551,0,0,30.89039145,0.087823187,1.703280214,0.663417274,0.002135625,0.564675772,0.042697741,0.676209605
case_552,0,0,112.0001178,0.101299126,1.977992583,0.619164617,0.004222666,0.108995608,0.047165471,0.387306263
case_553,0,0,119.4631185,0.100617913,0.984450549,0.368017328,0.003446994,0.104020966,0.041201055,0.728940207
case_554,0,0,105.8507127,0.05639677,1.584180177,0.529755361,0.003685254,0.832377029,0.04191698,0.628921849
case_555,0,0,150.7719192,0.084804283,0.143685742,0.621865692,0.002976064,0.360278788,0.048292602,0.407810772
case_556,0,0,147.424561,0.050964951,1.124009224,0.763101415,0.003048513,0.604055368,0.050130053,0.460877252
case_557,0,0,225.9763685,0.080072243,0.732425731,0.345687931,0.004070981,0.238061378,0.032634859,0.545675937
case_558,0,0,346.5075654,0.066642807,0.97478212,0.460605672,0.002942868,0.716449394,0.044160695,0.191173955
case_559,0,0,113.5852408,0.10290798,1.831193325,0.404857451,0.003409874,0.399663707,0.045167219,0.103705831
case_560,0,0,6.761359534,0.064340994,0.427501667,0.454201774,0.00319867,0.117682367,0.037833429,0.729243499
case_561,0,0,185.4280055,0.075908124,1.318430855,0.481907962,0.003620606,0.398496853,0.035854916,0.833955363
case_562,0,0,194.0280398,0.089673997,0.160097646,0.5116057,0.004055742,0.196510947,0.054306525,0.638210581
case_563,0,0,206.3234031,0.068421599,1.287143094,0.528499566,0.002153505,0.226775859,0.045310814,0.125613772
case_564,0,0,136.032247,0.070510704,1.390776986,0.285681798,0.002887742,0.338624674,0.048685762,0.519113204
case_565,0,0,83.09359981,0.085744574,0.720050626,0.603460251,0.004377758,0.103891886,0.041974345,0.534578558
case_566,0,0,262.8689365,0.124957151,0.92468005,0.627406394,0.004326701,0.400681208,0.038957403,0.425374582
case_567,0,0,153.5001955,0.050404526,1.866496415,0.417005062,0.003636682,0.792435847,0.048598949,0.257121218
case_568,0,0,198.6993966,0.083748075,1.729878016,0.287681709,0.0031107,0.641390787,0.043015072,0.413325671
case_569,0,0,322.278026,0.087529195,1.238714538,0.42647742,0.003195089,0.123878881,0.036421213,0.144462607
case_570,0,0,316.1961788,0.09205081,1.720297404,0.595471034,0.003308945,0.852082533,0.043537406,0.4476254
case_571,0,0,137.6859321,0.084254281,0.456902392,0.681160473,0.003619066,0.376690199,0.038388895,0.796021641
case_572,0,0,83.87750412,0.077675126,0.478649903,0.187334331,0.003433742,0.588527791,0.039347738,0.686263023
case_573,0,0,95.56155082,0.109776766,1.271053829,0.191127004,0.003403817,0.617103185,0.057863378,0.354524718
case_574,0,0,202.2081579,0.075424273,0.610757222,0.438446559,0.003079212,0.482905857,0.033255105,0.234940324
case_575,0,0,148.1306275,0.075482691,0.852425501,0.620030137,0.00396622,0.725959757,0.040173424,0.773904533
case_576,0,0,204.1873108,0.06259599,1.57363795,0.330712461,0.003009914,0.305470704,0.045540005,0.761770707
case_577,0,0,341.5087631,0.096336114,1.262022093,0.323159926,0.00265677,0.681437938,0.039817365,0.324038289
case_578,0,0,289.605139,0.076335131,0.048710328,0.493840379,0.003892138,0.173374408,0.03480417,0.364507701
case_579,0,0,127.8807426,0.092947031,1.277447547,0.547030203,0.003786895,0.869047199,0.062749777,0.134055926
case_580,0,0,248.2680133,0.102790762,1.116727344,0.545076379,0.003222724,0.615031135,0.037250613,0.64257418
case_581,0,0,56.80552327,0.061829107,0.903707157,0.535793534,0.00433484,0.768193362,0.048161504,0.892969047
case_582,0,0,71.73246163,0.08439331,1.092702271,0.607347099,0.00353867,0.620806691,0.051733718,0.705541296
case_583,0,0,77.4668092,0.040403911,0.808501417,0.42181084,0.003657367,0.703698855,0.031834013,0.754046975
case_584,0,0,30.00237855,0.099387197,1.245058698,0.688747004,0.003542033,0.382870266,0.029028363,0.25573227
case_585,0,0,110.287179,0.079174369,1.020204895,0.797167388,0.00257172,0.554690851,0.017166779,0.434973263
case_586,0,0,314.0223392,0.027399047,0.866780163,0.265363325,0.002873525,0.877126445,0.028488415,0.343110445
case_587,0,0,347.213364,0.090634435,0.766195683,0.493262103,0.00278193,0.118046243,0.031504444,0.887016704
case_588,0,0,325.6793052,0.065363473,0.585308182,0.408815734,0.003782826,0.294193632,0.039205675,0.858853635
case_589,0,0,329.4357863,0.069028396,1.818047077,0.286292309,0.003795587,0.155644765,0.02766226,0.691132891
case_590,0,0,243.6828744,0.04998789,0.761222635,0.378760994,0.003414476,0.224569938,0.039592773,0.739960925
case_591,0,0,40.84087964,0.082159688,1.433937604,0.617536362,0.004010864,0.172849706,0.032834601,0.62317609
case_592,0,0,186.4538962,0.120096721,0.435530225,0.704418683,0.003778691,0.652958799,0.037031279,0.402875956
case_593,0,0,200.2655662,0.067370746,0.139194226,0.676061825,0.003456753,0.538758678,0.029069168,0.198935761
case_594,0,0,235.1708732,0.076598665,1.429814013,0.391683478,0.003002488,0.420493776,0.044217843,0.527740463
case_595,0,0,217.3526131,0.078175654,1.482150024,0.551769879,0.003118466,0.850640378,0.044869267,0.842347328
case_596,0,0,318.9267843,0.067151555,0.751371424,0.496670976,0.003840418,0.794798912,0.063660521,0.820512137
case_597,0,0,294.0615216,0.071850659,1.492631524,0.53547959,0.002891974,0.871229865,0.04544374,0.803505701
case_598,0,0,159.1781972,0.096024993,1.592792603,0.231700114,0.002451888,0.168736435,0.047204662,0.299084136
case_599,0,0,278.038962,0.099239346,0.49747245,0.389056846,0.003463057,0.481535518,0.039039677,0.88826411
case_600,0,0,140.7571052,0.09342123,1.309366369,0.529417406,0.003069519,0.502709397,0.052047448,0.593630467
case_601,0,0,273.2185846,0.062285609,0.724359099,0.818675378,0.002822627,0.402315088,0.051271193,0.456526236
case_602,0,0,262.6315289,0.074420491,0.747291649,0.50482451,0.00271322,0.746630388,0.046259128,0.187625114
case_603,0,0,299.3331075,0.10094566,1.29582117,0.409122167,0.003816542,0.219677367,0.03162337,0.712974986
case_604,0,0,304.3402002,0.067255914,0.480321109,0.511939638,0.004125423,0.227002763,0.039986264,0.236825314
case_605,0,0,271.8940428,0.032849279,0.782975817,0.780092265,0.003216005,0.383293008,0.051947222,0.564824702
case_606,0,0,176.1629969,0.071987333,1.577144697,0.592990742,0.004085113,0.310802806,0.028997318,0.70042929
case_607,0,0,359.7985371,0.095186256,0.25326311,0.523283317,0.003180056,0.493027538,0.051035928,0.274663074
case_608,0,0,142.4054416,0.053622417,0.776539486,0.590433756,0.004248326,0.53659975,0.047026628,0.596549208
case_609,0,0,262.0506833,0.074869832,1.236047792,0.335996187,0.003696243,0.650617823,0.040010569,0.814381511
case_610,0,0,205.1442141,0.058749098,0.419016596,0.354390323,0.003736948,0.438532612,0.043209439,0.41006919
case_611,0,0,11.10749897,0.062758601,0.784259529,0.453656415,0.004439146,0.540501011,0.052384755,0.121797087
case_612,0,0,140.1849173,0.067661805,0.268720215,0.403730027,0.003892686,0.162885187,0.026832189,0.826805429
case_613,0,0,191.1191478,0.094820309,1.220018583,0.351066992,0.00420714,0.805859803,0.025853983,0.538241012
case_614,0,0,126.3925129,0.096854189,0.467979252,0.463760708,0.002720212,0.101518581,0.035785872,0.777869095
case_615,0,0,125.5828686,0.111824018,0.324872813,0.733414381,0.002838842,0.174066057,0.028793986,0.795712109
case_616,0,0,76.83412081,0.122205539,1.139032876,0.49258427,0.00414322,0.129406774,0.039131431,0.431632401
case_617,0,0,295.6913633,0.06247187,1.885644402,0.557237482,0.004010535,0.326625352,0.047736859,0.716793767
case_618,0,0,94.78728904,0.082825042,1.418051323,0.384102821,0.003507542,0.423502282,0.033592657,0.350366659
case_619,0,0,10.47849629,0.053185301,0.715272388,0.638902393,0.002578714,0.758119939,0.046459905,0.297334882
case_620,0,0,280.3840403,0.080323345,1.684536946,0.649405602,0.003385636,0.286187217,0.038644199,0.802047986
case_621,0,0,75.89082853,0.082978705,1.384917174,0.592324336,0.002242334,0.777224016,0.031203476,0.811280469
case_622,0,0,278.299568,0.050192475,1.307717166,0.579472737,0.002856874,0.407386639,0.023019037,0.284757996
case_623,0,0,246.9889344,0.081825452,1.360707357,0.411758369,0.003754834,0.254716746,0.041540196,0.82742898
case_624,0,0,4.958165776,0.059351823,0.639614246,0.31913265,0.003578036,0.532667815,0.043374776,0.195736442
case_625,0,0,295.6117181,0.085864301,1.086925597,0.483313504,0.003726875,0.434317527,0.051457579,0.840131417
case_626,0,0,205.5385577,0.08997439,1.430839224,0.673174827,0.003492216,0.646936362,0.04192828,0.699632803
case_627,0,0,80.29495857,0.075570336,1.297769311,0.483917018,0.003424124,0.205331506,0.035964617,0.51296621
case_628,0,0,260.601072,0.071339665,0.240520759,0.211843772,0.003233103,0.388406833,0.029800174,0.36806447
case_629,0,0,45.21538352,0.089729118,0.898011824,0.35142334,0.002360731,0.672436907,0.054366437,0.467712458
case_630,0,0,336.2207567,0.069282309,0.079211352,0.710272295,0.002685644,0.456938209,0.039729342,0.692759071
case_631,0,0,19.92367195,0.087720574,1.49743844,0.763712486,0.003613402,0.640053546,0.036454511,0.153207931
case_632,0,0,222.4651149,0.118066101,1.64348488,0.4857039,0.003295281,0.156102445,0.039250747,0.286235112
case_633,0,0,347.9571323,0.118165964,0.41614514,0.489456904,0.003933876,0.730333905,0.035078769,0.392536566
case_634,0,0,28.7626071,0.070419226,0.885360651,0.435188226,0.003068457,0.569715133,0.039758985,0.821445437
case_635,0,0,288.6305182,0.084089919,1.56584955,0.338952425,0.003337133,0.797513812,0.022042729,0.724074892
case_636,0,0,87.85078193,0.08582435,1.672306759,0.659278176,0.003461989,0.830872881,0.050801894,0.340938187
case_637,0,0,73.56893669,0.07383164,1.199493065,0.484721125,0.00296695,0.696920822,0.047000707,0.426634976
case_638,0,0,221.6317916,0.111356794,0.232299381,0.507365321,0.003364854,0.503268897,0.051146806,0.393174739
case_639,0,0,188.0524896,0.084781448,0.422030167,0.49781108,0.003663993,0.764907383,0.041691596,0.166401036
case_640,0,0,197.6385836,0.070913781,1.788787584,0.544405489,0.004291364,0.601670626,0.037860076,0.480415149
case_641,0,0,337.5075082,0.084431918,1.187283605,0.619772863,0.003756323,0.740825666,0.036884907,0.841188393
case_642,0,0,131.8234898,0.076083987,1.283785763,0.281354081,0.004391684,0.631801854,0.0373574,0.326916799
case_643,0,0,275.6914767,0.103162823,0.630476797,0.705310768,0.003612541,0.520640252,0.040357346,0.173708297
case_644,0,0,62.76778409,0.092750902,1.750372963,0.757516539,0.003455174,0.329731405,0.039891192,0.396688228
case_645,0,0,44.46174366,0.078693591,0.018915381,0.690820459,0.00254885,0.868973372,0.030235566,0.462806974
case_646,0,0,271.5371782,0.081374381,0.803846928,0.442130549,0.00339047,0.843218054,0.0522412,0.817999939
case_647,0,0,333.7793329,0.066109433,0.359318697,0.492173146,0.004110362,0.737537645,0.038684847,0.60914344
case_648,0,0,18.97075897,0.064812975,1.044329917,0.523552422,0.003000547,0.706504667,0.049390291,0.572062312
case_649,0,0,121.1318543,0.088750598,0.261410654,0.575858949,0.004178444,0.139173861,0.05136928,0.309092628
case_650,0,0,310.5582329,0.110450027,1.381958779,0.551514363,0.00473896,0.608840274,0.037906098,0.749125899
case_651,0,0,57.94591954,0.080685387,1.486179435,0.057023858,0.003057846,0.518726413,0.054095541,0.769676219
case_652,0,0,235.6038304,0.071691922,0.454158482,0.558555369,0.003220212,0.466122245,0.049561241,0.788562025
case_653,0,0,172.4700496,0.128519835,0.046597433,0.337186506,0.002483851,0.517739699,0.030604153,0.755398288
case_654,0,0,165.2004948,0.098066604,0.356898664,0.654463722,0.003576708,0.856161576,0.040656623,0.152561981
case_655,0,0,25.2527473,0.066157461,0.584026552,0.491461807,0.003501077,0.411679532,0.037073586,0.85544736
case_656,0,0,256.4741695,0.055381469,0.890776988,0.854790146,0.003032039,0.712723004,0.049142754,0.315950538
case_657,0,0,225.6805675,0.098351989,1.795577218,0.235065355,0.003450547,0.669675515,0.050261893,0.49337883
case_658,0,0,236.0770575,0.072802485,1.98500852,0.424081651,0.003682828,0.884106822,0.065375273,0.367053647
case_659,0,0,185.1651488,0.081067204,0.276031933,0.749519032,0.0034867,0.89446627,0.035415383,0.20549713
case_660,0,0,96.33623713,0.035636386,0.279851038,0.463213374,0.00282094,0.307649661,0.052112063,0.356665589
case_661,0,0,287.5826165,0.121465475,0.501322945,0.691845096,0.003549926,0.472818078,0.043073198,0.277507917
case_662,0,0,128.6132694,0.089266756,1.483395912,0.578306032,0.004118213,0.374345828,0.036939997,0.104858812
case_663,0,0,307.1424032,0.067838567,1.621375895,0.436254042,0.003862839,0.545163265,0.033162568,0.378632815
case_664,0,0,102.3158753,0.088837795,0.31086971,0.633266703,0.003098078,0.22152588,0.025954562,0.647676772
case_665,0,0,42.94591912,0.085237359,1.587792796,0.349404278,0.002691491,0.808503461,0.037645537,0.723363714
case_666,0,0,111.4439736,0.125769923,1.835677458,0.311339169,0.003955112,0.169322409,0.056765665,0.213046968
case_667,0,0,55.67192923,0.093589346,0.996926823,0.409556812,0.003360061,0.639793296,0.049721339,0.896374935
case_668,0,0,13.72881144,0.066817671,1.343988543,0.63364816,0.004694588,0.41076351,0.039389642,0.509675611
case_669,0,0,264.8013092,0.081136831,1.201866316,0.289661277,0.003200962,0.899142845,0.027955495,0.7483128
case_670,0,0,196.3753401,0.081927296,0.193511668,0.605591655,0.002342133,0.854477652,0.025008118,0.215862112
case_671,0,0,208.5993856,0.075743136,0.155754034,0.611249403,0.003086744,0.202167254,0.035523947,0.684264599
case_672,0,0,313.2620407,0.105220203,0.559294328,0.64454151,0.002848371,0.702556655,0.052693254,0.537530746
case_673,0,0,152.3269792,0.077080517,0.174051227,0.526758976,0.004396864,0.772908003,0.033563303,0.822679407
case_674,0,0,300.4838432,0.084986098,1.879594648,0.475593045,0.002212684,0.773190416,0.042112486,0.162740586
case_675,0,0,327.6191438,0.097081129,0.395496175,0.519272693,0.004529913,0.289661145,0.037715215,0.59163999
case_676,0,0,239.3283578,0.097912466,0.699054574,0.45466584,0.004163759,0.100419979,0.046164255,0.665224258
case_677,0,0,255.0764843,0.032118358,0.739796945,0.29880405,0.004420834,0.664499864,0.034046192,0.102113681
case_678,0,0,293.7673733,0.069875009,0.788271559,0.585520497,0.004024902,0.691067965,0.040063686,0.178478484
case_679,0,0,212.5936989,0.104969467,0.966881251,0.700840888,0.002601853,0.191645949,0.046830109,0.601795608
case_680,0,0,219.7894456,0.065292759,1.036451094,0.431518843,0.003487451,0.328146141,0.062359613,0.778497269
case_681,0,0,152.949994,0.053876852,0.365870117,0.554116435,0.004091836,0.470254553,0.030721816,0.549515456
case_682,0,0,195.0003522,0.069913102,1.876327606,0.574115822,0.003531984,0.535326169,0.032302733,0.192589647
case_683,0,0,103.0554385,0.07417355,0.171633494,0.725988223,0.002927278,0.889014316,0.040202059,0.197737156
case_684,0,0,141.6470998,0.085669246,1.939713413,0.686202036,0.003706326,0.68334297,0.048063199,0.273605555
case_685,0,0,53.44522842,0.071282349,1.801499767,0.565312829,0.002844401,0.492949882,0.033024145,0.168827118
case_686,0,0,48.30772205,0.083615385,1.207274596,0.730475102,0.002698749,0.462690051,0.036271,0.436717298
case_687,0,0,209.9747115,0.093018847,0.946067942,0.459304896,0.003134067,0.821020214,0.042847329,0.28059022
case_688,0,0,175.1669551,0.097841846,1.943144363,0.446720838,0.002904395,0.787801254,0.03817878,0.602254643
case_689,0,0,202.5228912,0.077182187,1.463045558,0.542853173,0.004411292,0.581219397,0.038575415,0.771543874
case_690,0,0,315.538196,0.064584177,0.881416896,0.589175371,0.003927222,0.61169307,0.032938113,0.663594451
case_691,0,0,253.7228513,0.068082433,1.257271234,0.335089581,0.002741429,0.29289467,0.04842043,0.276962579
case_692,0,0,92.79371997,0.054319432,1.535912045,0.827809706,0.004741227,0.514493412,0.020976851,0.272614574
case_693,0,0,183.8950039,0.03887953,1.032768655,0.554880527,0.003610352,0.391008734,0.031347412,0.148464667
case_694,0,0,190.3705143,0.063811822,0.116987514,0.458276378,0.003834796,0.106564654,0.02700944,0.68045486
case_695,0,0,30.32631338,0.06873402,0.463419198,0.410877074,0.002853792,0.381061023,0.052192188,0.86465971
case_696,0,0,12.60667209,0.114467054,1.005354539,0.331826063,0.003256141,0.107343132,0.026154457,0.310611183
case_697,0,0,84.8946227,0.0608375,0.546495208,0.567167958,0.00421251,0.586790907,0.041463178,0.320543823
case_698,0,0,331.9329697,0.061535221,0.485544864,0.399938457,0.003769619,0.707124773,0.039655454,0.161873333
case_699,0,0,303.6542915,0.072368852,0.374308179,0.687005524,0.003935528,0.44065655,0.034246456,0.618885621
case_700,0,0,9.849018948,0.060069703,1.949331466,0.347821261,0.00345346,0.280638226,0.014680621,0.661213491
case_701,0,0,69.48095229,0.066868805,1.910530205,0.486141165,0.004719238,0.21046281,0.04172916,0.231030941
case_702,0,0,187.0532354,0.112601772,1.960911611,0.385213334,0.003713561,0.575902996,0.037008493,0.226792188
case_703,0,0,91.51697609,0.071577005,1.740605381,0.228247284,0.003558084,0.478737856,0.041844965,0.614440506
case_704,0,0,93.21418302,0.052750206,0.865466916,0.376520363,0.003651723,0.80634542,0.036364665,0.204486191
case_705,0,0,89.21969351,0.074576919,1.908396193,0.674791617,0.002991498,0.2311987,0.031431768,0.212225251
case_706,0,0,182.775223,0.104592659,1.259056137,0.616112736,0.003143271,0.28441522,0.02420183,0.799696819
case_707,0,0,78.8395241,0.060646108,1.843179522,0.612038896,0.003748018,0.439969833,0.044961719,0.184615178
case_708,0,0,255.9176419,0.091289393,1.5390151,0.509889703,0.003036615,0.229702586,0.047459775,0.158804988
case_709,0,0,178.2689891,0.091931319,1.061095099,0.588869692,0.003147749,0.62234537,0.017881914,0.890590816
case_710,0,0,37.0949141,0.081975062,1.728075445,0.494386389,0.003659067,0.573363146,0.042291509,0.783207928
case_711,0,0,304.9714091,0.130964488,0.399023231,0.802438703,0.003369924,0.796223927,0.047687525,0.506478542
case_712,0,0,94.99062388,0.103630949,1.556756452,0.530234199,0.003644428,0.321341309,0.041772156,0.610953194
case_713,0,0,246.2780231,0.036260674,0.435143903,0.43222349,0.003632662,0.159094398,0.044622355,0.253326513
case_714,0,0,232.0461289,0.057375733,0.615813094,0.684758778,0.003565734,0.840374214,0.04499075,0.865985674
case_715,0,0,339.3105686,0.073330399,0.449984833,0.378154651,0.004417777,0.436727788,0.046026027,0.301219317
case_716,0,0,181.6201933,0.073166356,1.644692579,0.456068457,0.003708845,0.54813035,0.034634038,0.843780105
case_717,0,0,148.5733476,0.077363655,0.60042075,0.546368153,0.004619314,0.378479423,0.052826013,0.650257975
case_718,0,0,266.7570732,0.10346358,1.982140565,0.449477191,0.003373908,0.677049561,0.048472062,0.7517427
case_719,0,0,113.3464836,0.101110393,1.518232951,0.537006434,0.002723464,0.565762733,0.025379983,0.143075718
case_720,0,0,356.7109925,0.07977891,1.552169445,0.317753359,0.003161296,0.885874548,0.049857041,0.43867341
case_721,0,0,321.1482345,0.082645242,1.975615222,0.687888606,0.003030439,0.446254281,0.033704726,0.115247179
case_722,0,0,169.5565563,0.076198407,0.064479278,0.561177028,0.002962283,0.839037484,0.042660014,0.468614952
case_723,0,0,183.1676287,0.090263132,0.595588458,0.550709818,0.003842362,0.180288681,0.047437285,0.558975051
case_724,0,0,36.46502388,0.045472635,0.289291524,0.548647663,0.003986672,0.786903661,0.055983704,0.446591813
case_725,0,0,292.8054077,0.094907502,0.834057777,0.68282572,0.002413173,0.304714494,0.047287989,0.26858485
case_726,0,0,267.8973892,0.077401917,1.999990638,0.427501401,0.003887663,0.508514427,0.028758284,0.554479168
case_727,0,0,286.2451917,0.087073514,0.980682807,0.816741196,0.003505005,0.815528421,0.036154923,0.159874166
case_728,0,0,57.250197,0.099682063,1.541580876,0.246354589,0.004319608,0.275505851,0.047849044,0.83293817
case_729,0,0,209.3387616,0.076994108,0.425307946,0.613303123,0.004570169,0.658252623,0.052992342,0.851543731
case_730,0,0,252.4875856,0.096940006,0.354429005,0.599968054,0.003437148,0.842091885,0.035545222,0.118733663
case_731,0,0,97.68215069,0.093761575,1.745718049,0.800728574,0.004021809,0.561244213,0.04210238,0.361213278
case_732,0,0,269.3548411,0.102578453,1.056040697,0.438248754,0.002393869,0.890469738,0.043929585,0.228739656
case_733,0,0,81.82245048,0.099076177,0.587622669,0.713284194,0.002672091,0.369965818,0.041312117,0.897393274
case_734,0,0,186.173271,0.065840961,1.847570415,0.778178055,0.003267814,0.316975567,0.048897208,0.321781988
case_735,0,0,172.8678176,0.079654821,0.015159027,0.440456787,0.003328353,0.699552303,0.045211358,0.430247918
case_736,0,0,114.1290047,0.043247937,0.911621875,0.51746,0.002880197,0.317398246,0.04262292,0.296918798
case_737,0,0,14.112578,0.070632304,1.853708972,0.699174706,0.003382786,0.147196553,0.032113803,0.520139721
case_738,0,0,141.1022201,0.095473551,0.605586974,0.60297735,0.00320471,0.818129745,0.03246371,0.503756677
case_739,0,0,318.366345,0.07992462,1.820647009,0.168041495,0.003665706,0.293348777,0.054489367,0.406739853
case_740,0,0,46.93387469,0.059059962,1.215654582,0.425284412,0.003477936,0.663136005,0.040727493,0.608527631
case_741,0,0,91.0944616,0.092682845,0.032850861,0.361954901,0.003856776,0.1833044,0.045412057,0.428161639
case_742,0,0,229.1457744,0.071750042,1.209398245,0.544185132,0.003521203,0.353317919,0.026235054,0.331157174
case_743,0,0,237.6044523,0.089120841,1.761104932,0.516578635,0.003251192,0.598934645,0.038062258,0.14755127
case_744,0,0,268.8024346,0.079087727,1.547606903,0.342715922,0.004831891,0.718532468,0.040280005,0.734759969
case_745,0,0,306.6127185,0.028781369,1.370130033,0.721666213,0.003356851,0.844106284,0.042649464,0.556603297
case_746,0,0,217.120181,0.109636387,0.306762729,0.40760959,0.003514932,0.555639194,0.044045634,0.52248499
case_747,0,0,288.169233,0.063593068,1.322408515,0.510817652,0.002554434,0.198263298,0.049660177,0.627523152
case_748,0,0,270.8056047,0.093782739,1.062452591,0.395539834,0.003526907,0.687876789,0.050200072,0.849977591
case_749,0,0,198.1827955,0.104043934,0.992364825,0.558749695,0.003392829,0.222465363,0.035287397,0.539605471
case_750,0,0,82.76948615,0.106939659,1.678408219,0.41926764,0.003026329,0.212382315,0.035584066,0.472092328
case_751,0,0,67.85942988,0.056942075,0.642941445,0.428484017,0.003503652,0.145550675,0.053942154,0.854935361
case_752,0,0,155.6955107,0.064292808,1.906862922,0.421268575,0.002514658,0.300512099,0.047367642,0.626592816
case_753,0,0,259.9440019,0.111073056,1.017310074,0.602619398,0.002787849,0.662230834,0.053096772,0.332554401
case_754,0,0,61.36611852,0.06547155,1.438205376,0.692686138,0.004303932,0.505137984,0.044519396,0.636619879
case_755,0,0,81.40732505,0.112321592,0.11520623,0.234453057,0.004083345,0.429251501,0.037222578,0.149201181
case_756,0,0,181.3381675,0.097407702,1.164362539,0.617368711,0.004657303,0.847284431,0.032371491,0.787660195
case_757,0,0,86.65327017,0.063006243,0.264225607,0.514146813,0.003876851,0.308350545,0.03715986,0.750341581
case_758,0,0,167.4561872,0.091662702,1.129287282,0.344025098,0.002817371,0.223348714,0.044564389,0.229978589
case_759,0,0,338.0534519,0.080769993,0.205228842,0.635846684,0.004233582,0.824416831,0.043645799,0.29358627
case_760,0,0,227.256275,0.04504177,1.388679613,0.584470614,0.003929605,0.234486528,0.05451587,0.214714817
case_761,0,0,201.1511266,0.07246696,0.073404684,0.297898642,0.003646475,0.779203029,0.034492222,0.28909906
case_762,0,0,310.0313677,0.091488852,1.206473831,0.589838314,0.002919612,0.668715569,0.03875925,0.200797818
case_763,0,0,4.695709387,0.072858292,0.876818832,0.402859024,0.00244983,0.522642591,0.050352664,0.461270947
case_764,0,0,163.4200596,0.072388264,0.247459545,0.542101146,0.003041385,0.184870812,0.041318644,0.693370106
case_765,0,0,15.28385673,0.097783804,0.293656246,0.385930777,0.004239647,0.591784224,0.038613399,0.11777217
case_766,0,0,216.4799596,0.078764522,1.627106961,0.80888218,0.002586472,0.887828174,0.042884231,0.531661713
case_767,0,0,32.0354694,0.10564133,0.800285006,0.488326568,0.004652863,0.728040884,0.027292382,0.718637731
case_768,0,0,328.5463702,0.091906147,1.525154576,0.538600736,0.00381526,0.841676547,0.040607376,0.232693313
case_769,0,0,137.2076733,0.037591937,1.326437935,0.531021146,0.003533264,0.82209798,0.040968355,0.358379194
case_770,0,0,258.9929258,0.062070788,0.644379249,0.449184286,0.00277767,0.218287137,0.058012592,0.753316077
case_771,0,0,182.2053241,0.098186804,1.927511301,0.550508377,0.004551181,0.166515959,0.046627831,0.119056456
case_772,0,0,352.0975835,0.072043626,1.197497684,0.400260018,0.00386808,0.679169388,0.05424165,0.853443443
case_773,0,0,317.5578533,0.085404392,0.066952687,0.385009244,0.004273278,0.783552135,0.024084003,0.279993375
case_774,0,0,66.91838355,0.065139814,1.808511757,0.388572572,0.003811839,0.760033705,0.025189687,0.399829552
case_775,0,0,63.03751871,0.070588661,1.94206721,0.708481647,0.004034196,0.267912477,0.034997083,0.570866709
case_776,0,0,121.5599499,0.09247245,0.014340473,0.557020083,0.00475166,0.751567619,0.034425711,0.138024746
case_777,0,0,317.0270894,0.113958304,0.581987258,0.392483851,0.003248059,0.857313559,0.049501524,0.524086633
case_778,0,0,191.6252093,0.092089628,0.158993923,0.334536021,0.00310595,0.602880995,0.059003387,0.594394196
case_779,0,0,175.762677,0.11179081,0.577904353,0.582851545,0.004218552,0.688319433,0.04924164,0.541677932
case_780,0,0,312.1939052,0.072269627,1.850239923,0.577098696,0.00328462,0.607541135,0.037817804,0.879515948
case_781,0,0,145.3835413,0.090240131,0.517522624,0.433452551,0.00413394,0.680741617,0.044397431,0.488957502
case_782,0,0,117.7293684,0.077689399,0.38507176,0.370569283,0.003990633,0.344445894,0.034776045,0.202072551
case_783,0,0,193.5585758,0.059651678,0.527726085,0.484443043,0.004576441,0.882522678,0.029838508,0.622521798
case_784,0,0,107.3293766,0.077851614,0.10524573,0.478160877,0.004477429,0.515947983,0.032176268,0.224290878
case_785,0,0,339.9514213,0.088475695,1.315698959,0.768428328,0.002330634,0.349824779,0.035397738,0.251213154
case_786,0,0,207.3009679,0.057783209,1.096678873,0.62373741,0.0025108,0.258954094,0.030427444,0.808416492
case_787,0,0,353.9431688,0.054753447,0.774395437,0.504491851,0.002651218,0.79106379,0.030746196,0.464962389
case_788,0,0,71.21768514,0.043671835,0.368578506,0.635178448,0.003440711,0.686141034,0.031715629,0.555088068
case_789,0,0,65.56989548,0.081621748,1.325449143,0.570153166,0.003691826,0.61893727,0.046113816,0.319965685
case_790,0,0,358.705821,0.103836183,0.621715554,0.473232146,0.002705062,0.479251893,0.044280889,0.223631323
case_791,0,0,89.97980708,0.07190831,0.801467659,0.651592637,0.002409986,0.694543685,0.02631671,0.440941091
case_792,0,0,72.06728466,0.102247438,0.442804298,0.78283397,0.00293448,0.458678631,0.04150144,0.303586769
case_793,0,0,269.5724676,0.083656692,0.711130042,0.510592765,0.003243274,0.220307697,0.060198788,0.306220479
case_794,0,0,83.67548279,0.08544827,0.08940732,0.541392037,0.00296437,0.553303867,0.058532021,0.388008018
case_795,0,0,333.0326392,0.055987316,1.251404378,0.664267201,0.003589947,0.519714945,0.040805821,0.482058074
case_796,0,0,307.8752383,0.100434014,1.44984278,0.50069112,0.00367931,0.412443977,0.04274135,0.35312378
case_797,0,0,58.3058744,0.057760411,0.444366826,0.490273099,0.003345851,0.450784299,0.036764722,0.129095329
case_798,0,0,306.3184733,0.081553278,0.34486697,0.531992589,0.003406864,0.115070701,0.031285502,0.597907625
case_799,0,0,130.0878508,0.081200741,1.316507102,0.417416501,0.00324032,0.324376211,0.035356239,0.668255993
case_800,0,0,167.8573855,0.085299784,0.678833278,0.415458493,0.004973114,0.214194318,0.019138607,0.563810325
