case_01,0,0,119.9900858,0.036742961,1.122754079,0.375238068,0.00236651
case_02,0,0,259.3644304,0.033460331,0.211830308,0.47866749,0.004662178
case_03,0,0,146.3437359,0.071347255,1.829427226,0.603162006,0.004046198
case_04,0,0,277.7524728,0.086731267,0.082178164,0.523359955,0.003686467
case_05,0,0,245.0165618,0.043820478,0.0308461,0.632204317,0.00400996
case_06,0,0,209.1208777,0.056312344,1.45696255,0.327796488,0.003507894
case_07,0,0,49.2310844,0.07627736,0.394919267,0.597460577,0.003360082
case_08,0,0,196.4010464,0.081583643,1.745022025,0.465017901,0.004221832
case_09,0,0,353.7813627,0.084520456,0.117071679,0.545715413,0.0033553
case_10,0,0,125.5355682,0.096719911,1.571716635,0.389982843,0.002656323
case_11,0,0,9.391418773,0.076749042,0.019270118,0.593765606,0.00245309
case_12,0,0,11.18001364,0.083337187,1.050845326,0.581273724,0.003599088
case_13,0,0,169.1952841,0.04796987,1.361873521,0.616929057,0.00223628
case_14,0,0,109.5375232,0.083892711,0.231963776,0.569360503,0.003477676
case_15,0,0,332.1452499,0.102261048,0.283044028,0.218020195,0.00288602
case_16,0,0,252.7850259,0.067597969,0.723452842,0.275138942,0.004088214
case_17,0,0,71.86239496,0.094363916,0.927471576,0.355337817,0.004323163
case_18,0,0,253.1150362,0.054893214,0.772084042,0.290915791,0.0022008
case_19,0,0,301.5438384,0.118347322,0.547361954,0.755937191,0.002833175
case_20,0,0,18.85164543,0.058794976,0.75045287,0.528919528,0.004033221
case_21,0,0,12.39165745,0.071623297,1.348112163,0.707451185,0.00279382
case_22,0,0,71.02276238,0.076060374,1.759991464,0.61673853,0.003104732
case_23,0,0,339.862738,0.075611544,1.081291039,0.621635916,0.002140108
case_24,0,0,147.1378734,0.10604886,1.379251991,0.437832788,0.003869402
case_25,0,0,20.95699259,0.089185692,0.277444236,0.466999333,0.003208886
case_26,0,0,59.01872685,0.072255214,1.616846765,0.394060332,0.003763855
case_27,0,0,175.4111816,0.076394973,0.124705641,0.308980905,0.002683457
case_28,0,0,219.1993666,0.122400537,1.206137125,0.433713296,0.003308419
case_29,0,0,51.67629935,0.068374736,1.104439725,0.236474733,0.004568513
case_30,0,0,44.01596328,0.068234916,0.833126293,0.282709489,0.004057298
case_31,0,0,230.6274774,0.089485129,1.492968819,0.506175353,0.004862465
case_32,0,0,270.2684469,0.067627599,0.371077793,0.431119586,0.003806375
case_33,0,0,349.1518623,0.052015016,1.527174677,0.510887786,0.002599273
case_34,0,0,122.732237,0.092363172,0.480453566,0.231899188,0.004483738
case_35,0,0,239.4250304,0.06521455,0.503721685,0.955955681,0.003647315
case_36,0,0,309.3493173,0.052448674,1.752262824,0.560130104,0.002823914
case_37,0,0,64.07093879,0.092176081,1.91982896,0.702724014,0.003289483
case_38,0,0,25.21334418,0.069543081,0.174067618,0.251619121,0.004511096
case_39,0,0,358.9772292,0.078144368,1.847367278,0.603868299,0.003798193
case_40,0,0,91.98440217,0.106144473,0.101176127,0.434245929,0.00315169
case_41,0,0,211.7014255,0.073282089,1.511052893,0.486048666,0.00329439
case_42,0,0,209.9068744,0.054574287,1.875913472,0.626876681,0.003490659
case_43,0,0,67.99231937,0.082239155,1.996351719,0.100679099,0.002096018
case_44,0,0,72.5963674,0.079820666,1.342674714,0.658062366,0.00274762
case_45,0,0,272.064494,0.042277149,0.584219248,0.318507475,0.002927934
case_46,0,0,307.000391,0.092668794,0.921803777,0.64666521,0.003790077
case_47,0,0,84.6585737,0.102938293,0.403078908,0.459335213,0.002321474
case_48,0,0,23.64719977,0.085518621,0.38997209,0.573270966,0.002984584
case_49,0,0,41.60041263,0.095429678,0.684332091,0.514336993,0.003401597
case_50,0,0,3.67249204,0.095200015,0.65417846,0.612396397,0.00303631
case_51,0,0,42.6002891,0.079098307,1.159148981,0.32863358,0.002867985
case_52,0,0,138.9619046,0.088821175,0.738210314,0.431022156,0.003021056
case_53,0,0,100.7038668,0.069388364,1.244391108,0.868086692,0.004590407
case_54,0,0,278.7799096,0.057948435,1.431838932,0.333388937,0.003739857
case_55,0,0,0.475725485,0.088141663,0.398918913,0.555521656,0.002713714
case_56,0,0,37.94151795,0.085988627,1.448858618,0.35048252,0.003141475
case_57,0,0,189.9812478,0.061822944,0.885023294,0.695932861,0.003256914
case_58,0,0,318.3563943,0.064181396,0.047659874,0.487595912,0.003667396
case_59,0,0,115.8918391,0.089279339,0.489096534,0.648218975,0.003778414
case_60,0,0,237.2875993,0.055823112,1.816603341,0.480908845,0.002464262
case_61,0,0,79.00471502,0.086241495,0.310946189,0.368288156,0.003904824
case_62,0,0,58.24765239,0.02443171,1.435959945,0.352690385,0.002939651
case_63,0,0,240.9551544,0.073864541,0.354955031,0.359734916,0.004134639
case_64,0,0,124.8484731,0.059173232,0.918214063,0.363878157,0.002649622
case_65,0,0,308.0771976,0.053610582,1.127915531,0.673500943,0.002507518
case_66,0,0,197.7286091,0.082896405,0.99959385,0.146140903,0.004040574
case_67,0,0,157.4108774,0.070667537,0.068813842,0.675013181,0.004180469
case_68,0,0,22.21499794,0.083155441,0.44139998,0.273624214,0.00293177
case_69,0,0,314.406776,0.086127628,1.389020051,0.529521842,0.003387267
case_70,0,0,134.1577707,0.103233711,1.044080171,0.443269679,0.004107288
case_71,0,0,254.6772397,0.062355966,1.78308004,0.372614571,0.004420258
case_72,0,0,171.4005065,0.116998449,0.321088512,0.784659692,0.00244515
case_73,0,0,234.4983872,0.085846865,0.636376562,0.82092402,0.003838799
case_74,0,0,89.46730732,0.081693719,0.688568952,0.439124587,0.003722914
case_75,0,0,246.8697245,0.051374369,0.410046287,0.506617213,0.002914067
case_76,0,0,281.5142103,0.111544827,1.281186159,0.55289936,0.003349383
case_77,0,0,82.61841356,0.050804748,1.292108562,0.530865443,0.003864784
case_78,0,0,28.225156,0.1035613,0.150433435,0.370183622,0.003912128
case_79,0,0,236.3693461,0.068194049,1.23035873,0.455367388,0.003608647
case_80,0,0,5.634883429,0.083680352,0.972755913,0.655002507,0.004448591
case_81,0,0,248.9514861,0.076702447,1.863982094,0.663818828,0.003873399
case_82,0,0,323.7614903,0.082048608,0.093774514,0.360607617,0.003298985
case_83,0,0,238.926237,0.097463098,0.145228743,0.243373267,0.00323064
case_84,0,0,131.6262432,0.078768063,1.934340984,0.548626899,0.004371872
case_85,0,0,267.5297503,0.100684217,0.905378868,0.491433868,0.002922288
case_86,0,0,170.6402185,0.115907178,0.985403471,0.512376327,0.003702145
case_87,0,0,131.139791,0.084293672,0.967730751,0.679345642,0.003201122
case_88,0,0,95.42709711,0.112631242,1.373454953,0.884608426,0.003978758
case_89,0,0,329.646996,0.058180566,1.881291414,0.441593916,0.004128169
case_90,0,0,297.1466951,0.044214001,1.650486206,0.715161817,0.003002683
case_91,0,0,215.2593808,0.07193591,1.366328448,0.386275989,0.003244429
case_92,0,0,304.6539584,0.098575308,0.41614253,0.453020441,0.003412829
case_93,0,0,205.9710817,0.099046859,0.292053947,0.389229993,0.003158509
case_94,0,0,227.1704816,0.065558155,1.42572759,0.645690603,0.003304855
case_95,0,0,2.082837429,0.08972441,1.132474432,0.457092157,0.00355161
case_96,0,0,85.89183824,0.105234509,0.079490158,0.492376189,0.0045008
case_97,0,0,113.3845693,0.10703929,1.461408223,0.797715262,0.003688516
case_98,0,0,343.9274118,0.078014617,1.016241473,0.578599828,0.003065616
case_99,0,0,226.6929673,0.114344582,0.590085111,0.496361133,0.003752871
case_100,0,0,284.8108833,0.041563018,1.962471075,0.464354343,0.003819365
case_101,0,0,359.2082396,0.0919476,0.185560704,0.255459879,0.003676063
case_102,0,0,60.0047571,0.068773924,1.652286786,0.671187429,0.003221008
case_103,0,0,107.9773209,0.059942219,1.636536097,0.582925314,0.002611234
case_104,0,0,331.7400692,0.084845496,1.923804493,0.589026647,0.003080556
case_105,0,0,34.8590296,0.066375757,1.30914902,0.511873519,0.00228654
case_106,0,0,54.60542005,0.057752179,0.5376838,0.549244281,0.003641938
case_107,0,0,344.9400992,0.098266663,1.136648401,0.622896619,0.002535495
case_108,0,0,8.314405642,0.104302584,0.323627894,0.395766066,0.003862191
case_109,0,0,50.18700607,0.089884378,1.730727536,0.563895175,0.004172508
case_110,0,0,224.0002356,0.078627719,0.472240569,0.557234285,0.003033609
case_111,0,0,333.6679201,0.10169145,1.639158538,0.608431048,0.004150961
case_112,0,0,339.1131125,0.081263087,1.422166808,0.618248645,0.003823704
case_113,0,0,319.3639409,0.116346958,1.169092303,0.516938826,0.003123889
case_114,0,0,192.6724743,0.090950778,0.894297942,0.475331847,0.003741717
case_115,0,0,355.1051477,0.06914097,0.260765792,0.546213626,0.003940472
case_116,0,0,173.3065403,0.088041766,1.48476683,0.296072811,0.003557013
case_117,0,0,65.70976162,0.089436915,0.89860603,0.325295557,0.00354771
case_118,0,0,185.5874399,0.080115866,1.711462946,0.586825773,0.003712784
case_119,0,0,45.56725341,0.082566464,1.577599794,0.425983857,0.004295535
case_120,0,0,104.4557099,0.069508996,0.81938345,0.524989708,0.004138448
case_121,0,0,97.44387398,0.094985779,1.26031764,0.184238822,0.003365084
case_122,0,0,211.4144412,0.082856831,0.612880146,0.293852386,0.003714505
case_123,0,0,157.6790482,0.085105169,0.799187044,0.627787986,0.00314642
case_124,0,0,72.93004777,0.080526526,0.843179349,0.53862713,0.003090909
case_125,0,0,224.2765018,0.088317502,0.37930562,0.82848355,0.002695603
case_126,0,0,167.7550082,0.11761214,1.869212124,0.412011226,0.003559986
case_127,0,0,311.4704795,0.053404008,1.004542976,0.347552253,0.00445381
case_128,0,0,301.0634576,0.045010918,1.32033037,0.265013185,0.002879733
case_129,0,0,257.7099951,0.071728513,0.16648689,0.590562997,0.002274664
case_130,0,0,76.17479323,0.070869569,1.617990741,0.596146385,0.003495777
case_131,0,0,305.899988,0.079342922,0.529596416,0.527090856,0.003850496
case_132,0,0,74.82863557,0.079881166,0.336661871,0.320892802,0.004027411
case_133,0,0,295.3547693,0.095368456,1.92745455,0.628917818,0.003215163
case_134,0,0,48.42278268,0.085441248,1.911809993,0.600681177,0.002836525
case_135,0,0,337.6674998,0.085237755,0.227318492,0.445379232,0.003466528
case_136,0,0,106.8904568,0.080223936,0.495885305,0.475577578,0.004209358
case_137,0,0,154.9336184,0.063399419,0.594435313,0.539559228,0.003439188
case_138,0,0,101.9117744,0.056908462,1.801462463,0.335737202,0.003683396
case_139,0,0,315.8032706,0.105665034,1.71801143,0.169981447,0.002406837
case_140,0,0,47.1351022,0.070191474,1.886426399,0.425311074,0.003585889
case_141,0,0,101.541747,0.114952162,0.709473291,0.636418184,0.003189045
case_142,0,0,342.3811876,0.120526787,1.542987534,0.558825239,0.003268646
case_143,0,0,149.6713812,0.054231173,1.643686414,0.398068437,0.002752801
case_144,0,0,326.8401192,0.066516625,1.97254316,0.710683891,0.004630319
case_145,0,0,320.8534521,0.067177803,0.731006977,0.643928046,0.003273465
case_146,0,0,60.65262677,0.104579494,0.715637677,0.540663122,0.003421677
case_147,0,0,194.8560579,0.101520699,1.098448802,0.477159185,0.003729337
case_148,0,0,204.6317505,0.071873719,1.092955561,0.397201371,0.003836403
case_149,0,0,118.9100766,0.067070462,1.217285769,0.494703545,0.003542041
case_150,0,0,37.41180254,0.059705659,1.296168164,0.554640258,0.003048897
case_151,0,0,201.2692192,0.096313212,0.387858883,0.341985522,0.003302423
case_152,0,0,208.7651626,0.111990829,0.716632543,0.44370546,0.003484806
case_153,0,0,181.4583812,0.093567677,1.776585986,0.542534195,0.002972459
case_154,0,0,65.37115641,0.080849301,1.856938866,0.46144147,0.003154573
case_155,0,0,133.8367671,0.08651079,0.770440155,0.665093929,0.003211615
case_156,0,0,283.5849632,0.032195823,1.901782311,0.702485536,0.002847484
case_157,0,0,140.4297455,0.06398364,1.335304017,0.26132561,0.004229002
case_158,0,0,0.932372946,0.099509078,0.444503428,0.448609924,0.003693036
case_159,0,0,321.4890949,0.082747268,0.252934793,0.409644139,0.003662246
case_160,0,0,334.9123745,0.053034368,0.458926327,0.362583474,0.003232457
case_161,0,0,203.5733948,0.056326539,1.227691493,0.488988158,0.004471009
case_162,0,0,16.67455868,0.077526815,1.439569267,0.405933303,0.004695144
case_163,0,0,44.64583138,0.064568485,1.357629277,0.416679694,0.003997937
case_164,0,0,184.9786398,0.082312063,0.176201484,0.301116665,0.003949995
case_165,0,0,217.1139941,0.095687392,1.175775583,0.468962532,0.002792658
case_166,0,0,93.49293031,0.090566645,1.773839882,0.417546394,0.002640995
case_167,0,0,90.43076703,0.094860852,0.569067985,0.318648447,0.003785452
case_168,0,0,39.06276967,0.067953924,0.376338359,0.566629679,0.002971552
case_169,0,0,261.3411485,0.108558492,0.454868987,0.579614969,0.003173731
case_170,0,0,293.3777291,0.087299992,0.6704026,0.521844336,0.003616843
case_171,0,0,244.7064646,0.057078001,0.474563609,0.472188493,0.00263573
case_172,0,0,127.6982217,0.07062818,1.825223558,0.503608571,0.004983616
case_173,0,0,31.92436586,0.060075276,0.938360711,0.499555606,0.003610184
case_174,0,0,255.2759941,0.029409391,1.479113882,0.376496837,0.003530013
case_175,0,0,243.1198998,0.090400865,0.662207387,0.667123629,0.003081708
case_176,0,0,35.46875143,0.075507413,1.685422912,0.570789493,0.003878291
case_177,0,0,275.3718641,0.06990641,1.061345194,0.699673369,0.003109851
case_178,0,0,150.6054217,0.048315642,1.369231179,0.53767011,0.004584794
case_179,0,0,345.7356353,0.051733173,0.317234719,0.41386216,0.003530808
case_180,0,0,290.7670826,0.062165786,0.509027972,0.776561637,0.003889708
case_181,0,0,54.99918987,0.110694726,0.755290342,0.567053739,0.003425897
case_182,0,0,137.8723254,0.076487038,1.855077427,0.504938534,0.003386637
case_183,0,0,324.5428461,0.083550886,0.622065707,0.563767256,0.003344584
case_184,0,0,126.0750374,0.086975042,1.407365863,0.411420586,0.002898673
case_185,0,0,133.0105235,0.085608744,1.033724138,0.30519045,0.00237398
case_186,0,0,167.3509656,0.049341878,1.14902819,0.623431902,0.003096886
case_187,0,0,238.2222285,0.09688151,1.538974738,0.607696596,0.004385528
case_188,0,0,144.1345693,0.060410055,0.25611186,0.534603666,0.003066318
case_189,0,0,9.916331551,0.072780614,0.8048273,0.543176762,0.00392041
case_190,0,0,328.2017123,0.042701304,0.502421249,0.656417848,0.003265161
case_191,0,0,285.6693843,0.073951421,1.533283317,0.804704624,0.003768369
case_192,0,0,282.2044402,0.087871595,0.642094217,0.337156664,0.003320398
case_193,0,0,182.1889232,0.12673056,1.603182707,0.330170176,0.002689788
case_194,0,0,189.5745781,0.06069367,1.761782634,0.49339806,0.004308168
case_195,0,0,69.59749883,0.083906169,0.559424375,0.496024877,0.004808919
case_196,0,0,350.3339102,0.081071603,1.630063592,0.31296976,0.0044353
case_197,0,0,288.8912667,0.073238878,0.026827648,0.518602588,0.004467895
case_198,0,0,231.5729277,0.072960839,1.038722084,0.649939006,0.003897298
case_199,0,0,30.96863351,0.084755258,0.26799758,0.501876898,0.003041617
case_200,0,0,7.617060772,0.077649181,1.573830125,0.414960991,0.004710155
case_201,0,0,214.6587532,0.090660794,1.666734867,0.599537215,0.004345791
case_202,0,0,166.1871996,0.077380029,1.663911275,0.552062662,0.003428986
case_203,0,0,222.8879472,0.113947193,0.194233358,0.533772842,0.003576449
case_204,0,0,67.31466932,0.101041821,1.994003883,0.281136009,0.002588798
case_205,0,0,220.574358,0.091067535,1.97966478,0.377771317,0.004358739
case_206,0,0,91.67162859,0.088929204,0.602974449,0.482735859,0.002601152
case_207,0,0,161.3488781,0.08727635,1.006154219,0.561039857,0.003790905
case_208,0,0,292.3725426,0.091306761,0.640738314,0.528260323,0.004350144
case_209,0,0,160.5899171,0.072636452,0.464416287,0.5770919,0.003901288
case_210,0,0,3.386143345,0.050340254,1.936743708,0.695039064,0.004668372
case_211,0,0,147.8085426,0.10740107,0.223016579,0.520113418,0.003102016
case_212,0,0,118.3841966,0.096541763,1.599104462,0.498807854,0.003131614
case_213,0,0,23.32130585,0.074035556,0.298271763,0.556529707,0.003380527
case_214,0,0,145.7509078,0.039942605,0.702272644,0.729532171,0.002962299
case_215,0,0,86.8153316,0.080894926,1.699400071,0.744411029,0.003463129
case_216,0,0,263.6469796,0.10828233,1.466788313,0.620517109,0.003193335
case_217,0,0,178.439387,0.093119481,1.34925413,0.516336929,0.004397293
case_218,0,0,113.6110465,0.11097722,0.67511705,0.590715013,0.003565826
case_219,0,0,246.2253657,0.090138539,1.694725876,0.379027588,0.003626087
case_220,0,0,83.42546157,0.082462899,1.499882506,0.354099729,0.003112791
case_221,0,0,154.2979967,0.046677808,0.812354932,0.714240487,0.002820879
case_222,0,0,296.2612549,0.101247215,1.800947773,0.484562105,0.003167857
case_223,0,0,289.2932561,0.078884232,0.854384055,0.415886955,0.002992077
case_224,0,0,174.5071993,0.073030373,0.840057443,0.470634344,0.004238611
case_225,0,0,79.81132227,0.08455453,0.039235884,0.639847649,0.002769434
case_226,0,0,98.71538843,0.070993556,0.794631808,0.366852203,0.003237632
case_227,0,0,330.4009897,0.079667107,1.058315517,0.606078718,0.003340222
case_228,0,0,29.04496241,0.07621797,0.980788472,0.503859146,0.003928989
case_229,0,0,191.1231016,0.078306404,1.150151872,0.270374074,0.002574697
case_230,0,0,13.06282113,0.075083211,0.014354244,0.394617357,0.003631645
case_231,0,0,78.1806499,0.056616225,1.211805693,0.418924532,0.00353713
case_232,0,0,358.1734843,0.079415478,0.144210877,0.738389841,0.002888935
case_233,0,0,228.2580095,0.065845787,1.908771185,0.838032167,0.004158057
case_234,0,0,193.5265071,0.059473453,1.555772791,0.446688685,0.002764392
case_235,0,0,117.3325429,0.080631265,1.025865161,0.614799069,0.002979717
case_236,0,0,20.45550845,0.068906987,0.215137317,0.723411793,0.003331157
case_237,0,0,183.0339522,0.058430481,0.735023137,0.497923656,0.004019456
case_238,0,0,96.61544409,0.079542451,1.65828316,0.690465312,0.00365598
case_239,0,0,268.3323027,0.106543908,1.506771562,0.639037379,0.004636215
case_240,0,0,164.1926974,0.066554453,0.35105841,0.687971726,0.003122452
case_241,0,0,151.7816571,0.061398612,1.383386501,0.424273508,0.003803334
case_242,0,0,191.7843035,0.073490796,1.831359892,0.633546621,0.004016028
case_243,0,0,142.4353703,0.100169259,0.86567526,0.597371045,0.003434886
case_244,0,0,299.3351584,0.091541747,1.675871609,0.541087798,0.002496376
case_245,0,0,14.45856077,0.098194168,1.810394593,0.404510202,0.002675677
case_246,0,0,311.3910215,0.081805117,1.219117843,0.669430493,0.004205611
case_247,0,0,94.81948513,0.092766481,1.400034701,0.601516998,0.002152749
case_248,0,0,198.2463119,0.048649965,1.202573933,0.441301061,0.004304395
case_249,0,0,80.8161867,0.08149981,1.874389554,0.571160116,0.003973188
case_250,0,0,293.443914,0.093646548,1.301316951,0.344313531,0.004070726
case_251,0,0,352.3259937,0.07524923,0.191674739,0.573131016,0.003735817
case_252,0,0,186.428366,0.05020287,1.110008347,0.624782194,0.003260118
case_253,0,0,163.644901,0.087143308,0.647773232,0.387716753,0.003925862
case_254,0,0,303.4230062,0.064297833,1.584754349,0.203819871,0.003563289
case_255,0,0,123.5743638,0.096118209,1.049644658,0.449995042,0.003417306
case_256,0,0,149.246676,0.09387831,1.414629913,0.384762642,0.003809579
case_257,0,0,53.97071885,0.077346556,1.516984813,0.806200988,0.004830123
case_258,0,0,171.914887,0.097999552,1.954613856,0.432779448,0.003596249
case_259,0,0,269.4968684,0.063739333,0.159786703,0.524430447,0.004374215
case_260,0,0,103.1553322,0.09339743,1.332019404,0.650483556,0.003720371
case_261,0,0,19.6980379,0.046999305,1.305910855,0.466278472,0.00286136
case_262,0,0,46.40715374,0.06364926,1.143996034,0.242271478,0.003540354
case_263,0,0,275.564553,0.097827805,0.951190183,0.197139777,0.004766442
case_264,0,0,250.3318743,0.097584889,0.880548974,0.288901314,0.002911017
case_265,0,0,335.7147709,0.128019922,1.253973716,0.421996946,0.003248086
case_266,0,0,312.9803925,0.06321649,1.790888608,0.348737234,0.004169316
case_267,0,0,52.71937667,0.089939538,0.743800862,0.660164119,0.004159066
case_268,0,0,33.22571722,0.099868574,1.587296561,0.399094885,0.004414059
case_269,0,0,353.4338618,0.077785912,0.781701497,0.303873467,0.002243054
case_270,0,0,274.4153466,0.0849369,1.768581743,0.727333925,0.00238848
case_271,0,0,325.6270914,0.074275984,0.063329162,0.133236265,0.0040779
case_272,0,0,299.810512,0.074398873,0.425304862,0.60967589,0.002726936
case_273,0,0,188.6925166,0.093224981,1.490111856,0.379870565,0.00356983
case_274,0,0,105.4328219,0.075436352,0.330658803,0.459021343,0.002949655
case_275,0,0,27.45762288,0.064664683,1.842658603,0.526059037,0.003664707
case_276,0,0,218.0662523,0.079190476,1.9685544,0.575115571,0.00369853
case_277,0,0,336.7343305,0.092858541,1.089026878,0.532960039,0.003622283
case_278,0,0,206.110877,0.06167145,0.023035275,0.562205097,0.003817751
case_279,0,0,207.181112,0.066191625,0.120441438,0.551628846,0.003515186
case_280,0,0,155.8523312,0.109851969,0.418430492,0.479630553,0.003197467
case_281,0,0,340.2488892,0.074740131,1.676754032,0.473640225,0.004252391
case_282,0,0,219.7969294,0.087581889,1.724673317,0.401479469,0.003026435
case_283,0,0,283.2941996,0.0704328,1.987262012,0.591744551,0.003321791
case_284,0,0,180.2050399,0.040521858,0.097437105,0.400748169,0.004187394
case_285,0,0,17.70823747,0.130812589,0.053007901,0.089537943,0.004087384
case_286,0,0,232.7963274,0.072513768,0.931769897,0.53663119,0.004559702
case_287,0,0,136.2935031,0.107958344,0.542474275,0.488002075,0.00428126
case_288,0,0,328.6897216,0.095985342,1.163283588,0.373654816,0.003506845
case_289,0,0,355.854,0.0758217,1.186529123,0.381978272,0.002901394
case_290,0,0,334.4641748,0.066880087,0.234483313,0.340920131,0.003177624
case_291,0,0,50.5054946,0.074440607,1.838962814,0.315017523,0.003458451
case_292,0,0,81.68175928,0.07029065,0.527142201,0.368776978,0.004320166
case_293,0,0,235.4587368,0.090830906,1.272530434,0.391262546,0.002947616
case_294,0,0,153.6682416,0.09890259,1.95887638,0.214128991,0.003166498
case_295,0,0,265.4938691,0.063186938,0.858754557,0.634890983,0.004615584
case_296,0,0,39.8473439,0.069801739,1.624697029,0.613737863,0.003917163
case_297,0,0,267.0415181,0.085714555,0.432233761,0.312536279,0.002434239
case_298,0,0,120.9835395,0.137202704,1.518277069,0.44761904,0.003399073
case_299,0,0,287.4304004,0.066777952,1.734299435,0.50936761,0.003072271
case_300,0,0,272.7141621,0.097149057,0.977784018,0.789186784,0.004405861
case_301,0,0,25.01655638,0.060809858,1.690465504,0.38353453,0.003756656
case_302,0,0,326.4172117,0.081213373,0.536705987,0.565421647,0.003374117
case_303,0,0,263.9061457,0.086448947,1.946784421,0.437074829,0.003950911
case_304,0,0,241.9837842,0.074971712,0.447896663,0.429157865,0.003991949
case_305,0,0,249.5853413,0.055096613,0.132264397,0.594210901,0.004037791
case_306,0,0,127.9229661,0.051218003,0.619446134,0.686235283,0.003252553
case_307,0,0,114.500394,0.104896523,0.360743259,0.454292551,0.003639261
case_308,0,0,184.1339883,0.0526841,0.364942844,0.453648205,0.004265973
case_309,0,0,286.8168796,0.062836591,1.561848661,0.436080888,0.00305904
case_310,0,0,15.55352221,0.067803765,1.52865852,0.76085061,0.003746538
case_311,0,0,179.9596142,0.100448925,0.909386875,0.471638279,0.003673297
case_312,0,0,260.1757016,0.077195703,0.520391792,0.221566048,0.003050191
case_313,0,0,229.8236116,0.068981897,1.18355195,0.481227421,0.00370557
case_314,0,0,322.3620052,0.047371332,0.870717342,0.693024361,0.002784201
case_315,0,0,203.2781539,0.095901693,0.914430558,0.423626483,0.003520655
case_316,0,0,121.8801888,0.045565748,1.468543098,0.500925797,0.003378592
case_317,0,0,251.1657372,0.077948281,0.433759903,0.451949377,0.002741696
case_318,0,0,229.172896,0.063008191,1.251249866,0.332620576,0.003652621
case_319,0,0,40.58427086,0.108676933,0.246796942,0.419850832,0.002627303
case_320,0,0,346.570099,0.096985084,1.189698168,0.445261065,0.003279247
case_321,0,0,84.27340464,0.070042853,0.600440095,0.263677572,0.003636902
case_322,0,0,351.5253539,0.121395928,1.069948896,0.739255783,0.003759538
case_323,0,0,216.3021233,0.076928477,1.596334291,0.747487197,0.004064849
case_324,0,0,30.56771345,0.094173624,0.679979536,0.509610548,0.002806064
case_325,0,0,290.6475675,0.107019505,0.808878402,0.477809967,0.003224797
case_326,0,0,313.6783554,0.091823682,1.105210871,0.36482331,0.003132637
case_327,0,0,309.8907855,0.059007789,1.066151381,0.402976,0.003620181
case_328,0,0,61.7807829,0.080291825,1.239628576,0.356548698,0.002874496
case_329,0,0,265.5973599,0.061230993,0.697901533,0.577975119,0.003410631
case_330,0,0,93.86774939,0.102792839,0.849329712,0.286964166,0.003847151
case_331,0,0,198.9861866,0.08743794,0.692141114,0.357367511,0.004117457
case_332,0,0,169.7892454,0.071451198,1.56332688,0.472996057,0.004052747
case_333,0,0,276.38662,0.088393332,0.629037352,0.462179887,0.003333607
case_334,0,0,177.390273,0.074887047,0.580257328,0.381111498,0.003522681
case_335,0,0,159.2569403,0.078454616,0.574062219,0.658328752,0.003455858
case_336,0,0,103.8518354,0.099826668,0.515895514,0.585874594,0.002665246
case_337,0,0,306.4583805,0.060175527,1.23761668,0.439596858,0.004099207
case_338,0,0,162.8146501,0.065343013,1.896150823,0.406539399,0.002477567
case_339,0,0,233.827614,0.077093431,0.085333351,0.340028313,0.002418416
case_340,0,0,62.51336312,0.0914347,0.203914431,0.68323342,0.003965818
case_341,0,0,136.9272811,0.103934018,1.397015023,0.531535108,0.004198959
case_342,0,0,280.3698346,0.113437539,1.793905418,0.611674679,0.003773515
case_343,0,0,139.82253,0.064974141,1.891069843,0.345818881,0.004243643
case_344,0,0,159.8345484,0.087744297,0.345054112,0.718020335,0.004264417
case_345,0,0,316.9504536,0.125145162,0.821590017,0.641928209,0.003473154
case_346,0,0,57.52521421,0.084131033,1.408801844,0.308353919,0.004213846
case_347,0,0,259.0704363,0.072338816,0.241952952,0.501563498,0.003487449
case_348,0,0,225.6519315,0.124213427,0.867899045,0.676798461,0.003580934
case_349,0,0,143.4649233,0.071198574,1.115036308,0.190456552,0.003450418
case_350,0,0,69.06969934,0.10943791,1.474544623,0.547364367,0.003445411
case_351,0,0,152.5064158,0.058625529,1.07737032,0.457388561,0.003968323
case_352,0,0,279.7676258,0.073520172,1.740560628,0.451174691,0.003393317
case_353,0,0,165.5389723,0.088617536,0.78770275,0.638227108,0.003589158
case_354,0,0,111.3438585,0.062646393,0.992403826,0.630843713,0.003406549
case_355,0,0,99.65420416,0.09866132,0.961082701,0.513329303,0.00273017
case_356,0,0,141.371495,0.094027859,0.565703663,0.680196433,0.00396076
case_357,0,0,87.3916465,0.091772973,0.058937458,0.161406394,0.003181112
case_358,0,0,129.5503959,0.081910831,1.278076718,0.247768432,0.003453541
case_359,0,0,262.7863717,0.080427299,1.172329929,0.767719582,0.003580227
case_360,0,0,36.7847777,0.075904084,0.607958167,0.774081621,0.003499653
case_361,0,0,294.8491221,0.065911894,0.304220003,0.683530229,0.003006819
case_362,0,0,356.5379782,0.084164992,0.889815692,0.297464303,0.002305482
case_363,0,0,199.9304346,0.04978959,1.315539465,0.576116152,0.002811905
case_364,0,0,13.52271907,0.083121762,0.555610827,0.515940476,0.003326424
case_365,0,0,187.2584399,0.073666135,1.815475229,0.420472633,0.003603887
case_366,0,0,26.66813058,0.03561055,1.608131706,0.750592601,0.003938727
case_367,0,0,242.2637086,0.065644332,0.283893761,0.706970106,0.004547946
case_368,0,0,63.49390766,0.10533029,0.340548237,0.468415575,0.004336126
case_369,0,0,320.3417482,0.055349674,0.137856284,0.662867669,0.00388462
case_370,0,0,116.6117488,0.057339636,1.266035519,0.426869822,0.002522777
case_371,0,0,297.9490818,0.09024142,0.765340512,0.228007747,0.003855305
case_372,0,0,108.7591032,0.109236508,1.443732358,0.535712863,0.002703567
case_373,0,0,33.91638678,0.06099414,0.207464405,0.277767165,0.002998459
case_374,0,0,255.7614851,0.067318119,0.302708947,0.544606205,0.003514858
case_375,0,0,56.55852873,0.101907299,1.022588661,0.581735713,0.003016364
case_376,0,0,74.1898282,0.119372977,0.656772921,0.734277025,0.003832712
case_377,0,0,176.7429992,0.086817852,0.485862068,0.587637924,0.004275133
case_378,0,0,202.3278751,0.072169681,0.272124943,0.493830159,0.003501008
case_379,0,0,7.18086439,0.064838875,0.949740115,0.558214181,0.003283598
case_380,0,0,257.2265388,0.054156545,1.749899937,0.7207526,0.002777566
case_381,0,0,347.7191504,0.038312372,1.011426826,0.652941521,0.002567996
case_382,0,0,5.088131143,0.074646446,0.942559244,0.521154448,0.00347437
case_383,0,0,112.3997947,0.102052623,1.327870359,0.490598473,0.004517706
case_384,0,0,247.8247435,0.099295564,1.940343459,0.584812305,0.003432005
case_385,0,0,349.320503,0.068616033,0.827572187,0.485464072,0.004000838
case_386,0,0,271.3151497,0.046227694,1.288102076,0.392709922,0.004738196
case_387,0,0,130.0904389,0.103674361,0.757297502,0.568454129,0.002559478
case_388,0,0,303.2927594,0.102514409,0.155785685,0.483224582,0.002955919
case_389,0,0,343.7835916,0.055610312,0.108191221,0.323297713,0.003983517
case_390,0,0,109.9585194,0.037303213,1.710087614,0.409244685,0.003312936
case_391,0,0,213.520794,0.11049727,0.073751889,0.463202508,0.00335338
case_392,0,0,88.92348732,0.092495558,0.110706743,0.428349092,0.002550296
case_393,0,0,175.7015639,0.061982696,0.95807696,0.460274445,0.004101563
case_394,0,0,135.7188598,0.112917678,1.550269972,0.407953415,0.004760952
case_395,0,0,195.3643014,0.083462459,0.042694771,0.508241563,0.002854989
case_396,0,0,212.6533855,0.094548805,0.780973682,0.54999491,0.003370503
case_397,0,0,316.1494435,0.094656306,1.982413076,0.849933644,0.002339143
case_398,0,0,77.19405124,0.088743963,1.194170458,0.519137495,0.004527417
case_399,0,0,222.1276329,0.078553722,1.704857899,0.763308679,0.002510815
case_400,0,0,341.8497488,0.100467628,0.181554031,0.604935167,0.004120736